SAMPLE_ID	Acidobacteria	Actinobacteria	Aquificae	Armatimonadetes	Ascomycota	Bacteroidetes	Balneolaeota	Basidiomycota	Calditrichaeota	Candidatus Bipolaricaulota	Candidatus Cloacimonetes	Candidatus Gracilibacteria	Candidatus Korarchaeota	Candidatus Micrarchaeota	Candidatus Saccharibacteria	Chlamydiae	Chlorobi	Chloroflexi	Chrysiogenetes	Coprothermobacterota	Crenarchaeota	Cyanobacteria	Deferribacteres	Deinococcus-Thermus	Dictyoglomi	Elusimicrobia	Euryarchaeota	Fibrobacteres	Firmicutes	Fusobacteria	Gemmatimonadetes	Ignavibacteriae	Kiritimatiellaeota	Lentisphaerae	Microsporidia	Negarnaviricota	Nitrospirae	Planctomycetes	Proteobacteria	Spirochaetes	Synergistetes	Tenericutes	Thaumarchaeota	Thermodesulfobacteria	Thermotogae	Verrucomicrobia	candidate division Zixibacteria
369001HC_ACCATATC-TACACGTT_S155_L003_R1_001_kneaddata_paired	4036	7136119	297	311	5535	1774950	55	1494	40	63	65	22	4	0	652	187	2062	4384	538	75	433	7459	551	12486	71	66	26011	361	2779892	1516	2010	236	452	416	8	7	382	16818	553113	3315	1699	1493	157	228	624	76984	30
369002HC_GAATATCC-GACGCCAT_S1_L001_R1_001_kneaddata_paired	1943	1910597	476	405	6902	2693629	82	360	179	15	13	51	1	3	509	437	1804	3035	217	57	598	8890	558	3974	81	227	7273	307	3160079	4033	484	291	354	385	13	57	576	8129	331506	5804	1183	3710	189	278	1121	278243	149
369004HC_ACATCGGA-GAAGTTGA_S232_L004_R1_001_kneaddata_paired	1742	503952	1220	341	9741	2248685	91	521	146	31	110	147	4	3	804	791	1439	3564	112	23	1529	11639	888	3999	238	465	9660	454	11343413	7673	453	472	503	694	48	25	778	9604	404373	8543	1970	7715	596	442	2082	3310	170
369005T1_TGAGATCG-TCAGTTGC_S78_L002_R1_001_kneaddata_paired	3636	2393387	1230	781	8952	193267	78	569	204	145	42	13	1	14	738	556	2956	6455	422	110	1133	14242	545	9694	113	363	3194100	302	3261102	4794	624	195	519	999	74	4	1077	13932	461848	10244	3771	5332	391	714	3290	7102	297
369006HC_CTTAATAC-CCATTGTG_S2_L001_R1_001_kneaddata_paired	1774	291984	579	280	5847	3993769	170	499	97	26	37	34	12	1	350	557	1579	2684	145	49	727	8899	510	3459	92	199	45291	423	6289166	5341	346	284	278	21331	58	40	570	7531	3460694	5904	1264	7150	385	296	1475	71595	45
369007T1_GGATCTCT-ACGTTGCT_S79_L002_R1_001_kneaddata_paired	2052	977937	549	353	5917	5819417	90	389	84	68	63	20	3	1	639	713	1804	3084	189	63	739	9977	396	3975	87	251	127716	276	12470461	4207	470	210	224	415	18	23	572	8012	285350	6013	1933	3389	348	384	1568	5269	66
369007T2_ACCGATTA-GCCGTGGC_S80_L002_R1_001_kneaddata_paired	1511	750267	479	328	4970	5759321	53	219	134	19	24	12	0	0	369	461	1339	1864	101	42	474	7544	537	2265	76	164	30729	324	9487439	2922	392	272	173	260	11	32	341	5778	205647	4620	883	2526	317	253	1115	4027	89
369008HC_AAGACTGT-GTGGACTA_S3_L001_R1_001_kneaddata_paired	2570	2745429	620	406	8324	3994444	47	516	202	36	91	54	1	2	685	618	2143	3448	167	53	928	11318	561	5278	175	247	11010	483	5766947	6739	693	419	386	483	64	86	593	9992	345513	7642	2129	6974	390	407	1968	5120	89
369009HC_AAGGATAA-AGAGACAT_S156_L003_R1_001_kneaddata_paired	2599	2056992	456	379	5318	7903265	80	394	41	101	72	25	14	6	692	420	1743	3603	103	67	593	8253	447	5071	75	196	9999	425	4697626	3221	933	400	321	606	40	10	651	10057	310880	6189	2248	2555	241	231	1305	814196	39
369010HC_AGATAACT-CCGAAGGC_S233_L004_R1_001_kneaddata_paired	2152	253705	364	91	4281	5819053	198	397	40	25	17	66	6	12	964	386	1311	2509	102	218	514	6598	325	3653	59	97	6605	312	6855749	12880	330	264	258	116	36	57	458	7161	295584	5046	1209	3093	218	172	1373	3192	49
369011HC_ATATCCTA-AATAATAG_S234_L004_R1_001_kneaddata_paired	1745	10511808	443	300	4647	1048210	64	409	70	22	33	47	1	1	427	327	1305	2604	146	68	559	7285	334	3839	103	100	6752	317	5141019	3663	377	230	260	311	18	32	358	7460	237603	5983	1008	4240	271	173	1223	139749	40
369012HC_TTCCACCA-GGTTAAGG_S81_L002_R1_001_kneaddata_paired	1105	6467997	288	211	4140	1075238	68	322	60	29	13	33	0	3	1410	230	758	1915	75	28	502	5407	244	2596	99	109	4933	189	7251561	2759	299	242	165	268	11	10	399	4813	590069	3374	803	3373	309	570	1523	2224	33
369013HC_ACTACTTA-CGTGTCTA_S82_L002_R1_001_kneaddata_paired	1934	5383481	274	318	7367	188783	58	298	84	62	13	24	1	9	499	229	1163	2080	177	29	450	8029	214	5122	81	120	6279	134	11076686	3506	606	149	208	337	21	7	467	6856	251536	4401	1521	2783	245	136	1250	1772243	40
369015T1_ACGATCTA-GCAATATG_S83_L002_R1_001_kneaddata_paired	1805	1476268	737	469	5137	2051329	160	323	69	50	35	125	3	1	459	565	1594	3345	401	37	1009	9271	445	8460	149	163	8209	426	6986181	4124	368	237	410	831	10	13	576	10029	701644	6062	2370	5260	334	423	1187	3885	89
369015T2_GAATCTGG-TGTCCACG_S84_L002_R1_001_kneaddata_paired	822	1338816	498	120	8803	6607002	45	235	117	27	14	78	0	1	226	442	946	1675	77	20	972	7081	412	2416	190	255	4979	108	10506201	5488	100	241	192	246	4	20	397	4178	367113	5453	991	6568	278	297	1338	2272	68
369016T1_AACAGTTG-AATTCACT_S85_L002_R1_001_kneaddata_paired	3120	972589	698	491	6858	10094398	190	720	135	111	72	19	6	5	352	459	2697	4691	203	22	924	10780	539	7730	109	275	126450	367	5866552	4066	936	282	621	22239	44	18	851	13196	752888	6864	2775	5398	292	342	1745	148225	124
369016T2_GGCAGGAG-GCATTAGC_S157_L003_R1_001_kneaddata_paired	1870	659658	568	245	5299	6265820	100	462	83	50	53	8	4	0	284	413	1676	2695	145	27	818	8277	430	4584	102	175	265506	353	4863635	3629	603	398	253	29159	38	24	590	8505	370711	5284	1781	3789	284	274	1514	128785	49
369017T1_CAGACCAC-GCTTCGGC_S4_L001_R1_001_kneaddata_paired	1841	2447294	1470	193	5856	1463143	16	302	59	35	8	11	0	3	700	381	2266	2967	173	68	950	7561	494	3577	155	344	7408	173	5618014	6497	540	119	176	395	117	9	452	6976	675955	6941	2154	4173	330	696	2406	12993	319
369017T2_AGTGGTCA-GCACATCA_S235_L004_R1_001_kneaddata_paired	5595	1218442	744	1021	6823	4351697	340	755	197	126	38	11	0	1	775	419	3316	8476	499	168	1148	11943	487	13767	42	337	16620	810	13101838	1359	1851	133	749	3691	15	10	1269	23750	699264	8183	4028	1714	382	368	1448	9589	241
369018HC_TTCTGGTG-CCAGTGGT_S5_L001_R1_001_kneaddata_paired	2818	572909	591	763	8309	182409	32	582	135	32	48	80	0	0	1022	550	2019	3436	317	65	835	14386	790	7612	141	273	10106	549	8650252	5346	933	270	360	346	36	76	592	11186	482875	10207	2423	5693	389	282	2037	100230	176
369021HC_AAGTACAG-GTCACGTC_S6_L001_R1_001_kneaddata_paired	1517	1376408	530	242	4564	4872358	86	408	80	62	55	24	15	3	508	505	1767	4920	204	37	733	7446	382	3247	142	116	7276	266	7808917	3950	421	121	198	324	17	6	622	7277	374950	6876	1203	3951	225	365	1367	3472	31
369025T1_TTGCTTAA-TCGGCGTT_S158_L003_R1_001_kneaddata_paired	2839	3317900	464	315	5943	5798285	75	378	155	104	33	35	2	10	471	462	1886	3481	121	54	586	8981	550	6045	76	258	423359	338	4363032	3056	618	233	458	701	65	24	526	10039	372621	6111	2898	3279	234	278	1066	4536	130
369025T2_AGTTCATA-GGCCTTCA_S236_L004_R1_001_kneaddata_paired	5074	12391830	311	445	5699	599891	83	695	126	127	4	2	8	2	646	143	2662	6103	238	257	630	13326	483	16540	3	158	23363	502	4907706	439	1719	18	828	970	31	0	955	21876	836932	6293	5858	497	70	401	513	8497	157
369026HC_AGGCGAAT-GCGTCCTC_S237_L004_R1_001_kneaddata_paired	3266	11907005	850	539	10348	184997	158	670	148	15	6	39	5	4	1861	930	2845	4729	316	148	1289	15267	864	7387	135	480	13158	434	4986365	6130	781	720	373	763	15	52	956	12942	745722	8942	2635	7437	464	273	2222	8106	104
369027T1_ACCGAGGT-CTCGTGTC_S86_L002_R1_001_kneaddata_paired	2151	2100113	784	440	7142	2299135	116	457	80	43	64	59	2	3	556	664	1748	3844	220	71	1726	12109	449	5409	244	129	9716	428	11133057	4800	555	287	332	531	75	21	714	10186	367764	7743	1836	4163	437	390	2045	4591	93
369029HC_TGACTGAA-TTAGACGT_S7_L001_R1_001_kneaddata_paired	1538	1794418	308	244	5018	1104079	89	380	57	18	90	28	2	1	475	198	1238	3265	132	50	469	7480	351	4087	98	167	5943	269	12360982	2430	284	208	187	313	35	33	415	6715	370258	4521	1070	2425	298	169	907	3051	64
369030T1_TACACTGG-GCTCAATC_S238_L004_R1_001_kneaddata_paired	976	2679159	379	364	3647	3508290	59	276	51	7	64	48	5	2	165	458	884	1854	70	16	754	6103	225	2606	76	85	7404	174	11472377	4088	379	100	209	580	48	30	401	5917	187482	4394	999	6659	288	269	1224	3020	15
369030T2_TAAGCATT-CGAACTAT_S239_L004_R1_001_kneaddata_paired	1636	1664835	804	684	8472	1525519	84	341	28	21	169	207	20	9	652	770	1812	3873	121	8	1628	12186	377	5760	226	65	12925	226	12287164	10830	939	187	366	862	125	33	834	11819	365858	8618	1942	16070	581	389	2418	5660	13
369032HC_CTACTCGA-AGATGAAC_S87_L002_R1_001_kneaddata_paired	1609	21031532	22	146	2060	444992	25	300	17	9	1	2	0	0	197	32	609	1621	146	32	194	2267	29	3411	59	9	4296	197	1172123	160	302	15	178	109	4	1	130	4356	161488	951	686	461	24	32	181	2178	4
369033HC_CTCACGAT-CTTACGGC_S8_L001_R1_001_kneaddata_paired	2727	3893198	677	545	8968	114317	34	521	288	49	29	64	0	2	1498	671	1993	4675	279	51	1389	15394	430	9206	213	228	12040	292	11920318	7132	814	325	358	575	58	19	687	12926	457205	9171	2809	9822	508	338	1931	7603	56
369034T1_GATTCGAG-CCGAGTAT_S88_L002_R1_001_kneaddata_paired	1628	816086	365	182	4588	564034	75	434	23	26	82	25	4	2	309	344	789	2242	178	78	654	8044	186	3393	109	172	6892	250	11187966	3308	437	223	205	531	22	4	421	6252	1407730	4868	1364	3333	360	190	1196	82625	85
369034T2_AGGTCAAG-CGCGTTAT_S159_L003_R1_001_kneaddata_paired	5008	2822756	294	315	4514	5844122	70	632	131	125	10	6	0	0	369	179	2434	5640	292	96	583	10369	178	11318	27	77	12340	350	6772409	936	1705	196	609	755	11	7	929	15736	525828	5555	3916	758	69	491	461	6938	82
369035HC_ACGTCCAT-GTGGCGAA_S89_L002_R1_001_kneaddata_paired	6181	1226108	946	1106	8120	6054155	183	1387	266	144	45	17	8	2	838	913	4835	7173	486	103	1562	16535	881	10766	85	553	75702	814	4599158	2282	1465	417	1161	1673	144	42	1678	21349	768865	10137	5028	3276	364	656	1530	10202	111
369036T1_TGAAGCCA-TTACGATA_S90_L002_R1_001_kneaddata_paired	3269	581951	1128	669	10077	1879466	103	686	78	200	128	60	6	0	654	703	2236	5578	469	59	1642	15299	903	7344	233	484	368094	434	7484607	9182	977	382	594	695	90	52	806	14969	429344	10874	2938	10553	462	447	2963	648115	117
369036T2_GATGATAC-GGCGCGTG_S240_L004_R1_001_kneaddata_paired	3036	466804	485	655	9280	3304711	289	339	98	64	43	42	2	1	567	732	2388	5651	355	29	826	11142	379	6323	86	297	14049	246	6826459	2698	798	423	682	711	27	17	1594	13775	396856	7869	3033	2160	363	222	1096	5858	49
369038T1_AGTACTGC-GGTCTTAG_S160_L003_R1_001_kneaddata_paired	1298	1027798	254	240	3502	4774889	90	330	71	15	30	9	1	2	218	313	1369	3355	111	32	354	5683	200	2598	51	124	4933	278	7928029	1974	296	181	248	239	19	20	470	5513	194878	3806	1008	1676	197	215	820	3263	55
369038T2_TAGACGGC-GGTCCGCT_S241_L004_R1_001_kneaddata_paired	1345	1854807	329	198	4556	4682798	97	440	85	9	18	71	1	3	442	282	1384	2092	111	58	685	7314	341	3008	109	132	5957	261	9275990	2931	384	309	196	262	16	76	459	6064	348233	5196	1128	3082	199	243	1066	3292	111
369040T1_GGACTCTG-CAAGGTAG_S91_L002_R1_001_kneaddata_paired	1867	9093917	372	275	4987	986766	56	474	58	30	40	41	16	1	494	355	1251	2781	150	151	502	7928	431	4492	105	159	7912	370	6301145	4187	453	259	161	290	17	83	291	7845	363284	5539	1360	3761	291	192	1301	4283	93
369040T2_GAACCTTA-CTGAGTCC_S242_L004_R1_001_kneaddata_paired	2660	1824487	919	454	8880	3463875	188	777	165	59	52	36	17	5	383	744	2318	4370	163	66	1180	13001	673	5308	247	378	73714	557	9052581	8712	581	541	467	1163	34	55	811	12111	439988	8530	2198	7118	562	404	2278	54233	123
369041T1_AGGCAAGC-CTCTGGAC_S161_L003_R1_001_kneaddata_paired	3662	1354018	430	376	4482	5441977	88	257	224	92	40	3	0	0	354	248	2622	4206	318	14	232	12392	476	8130	12	242	9266	218	5017308	840	399	110	689	758	16	32	730	14923	454068	5928	3110	922	208	314	734	20324	293
369041T2_ACGTGTTG-ACGTGCGC_S162_L003_R1_001_kneaddata_paired	1192	1824577	312	146	3100	13542661	34	166	100	20	34	7	7	0	168	199	905	1499	79	25	394	7103	264	2891	36	87	3949	122	5725252	2238	126	115	166	185	32	22	334	5141	157852	3124	1474	2356	264	179	767	359749	144
369042HC_ACCACACG-CGTGGTTG_S92_L002_R1_001_kneaddata_paired	3947	1482446	613	380	6811	3353477	125	1281	281	113	16	14	1	1	733	430	3106	6938	255	8	492	15499	395	10393	208	336	12598	392	3177709	2847	718	134	709	1623	157	18	1113	18977	515936	10113	3629	3958	495	530	1339	6624	311
369043T1_GGAGATTC-GTTCAGAC_S93_L002_R1_001_kneaddata_paired	577	344028	188	146	2252	11489644	25	197	55	33	11	13	0	0	237	270	507	1058	107	8	471	3703	242	1348	51	88	2994	41	4521807	2231	127	171	119	203	50	8	305	3024	159215	2421	543	1779	150	126	457	94026	26
369043T2_TCACCGGC-GGCTTACT_S243_L004_R1_001_kneaddata_paired	1344	2607483	1330	147	7297	1580862	84	495	36	50	184	39	0	1	492	384	1529	2411	155	44	1290	12721	829	3563	447	336	9044	506	6004578	8412	274	475	129	252	19	5	1210	6504	270453	8991	1127	7752	554	647	2519	100623	17
369045HC_ACATGATA-CGTAGATA_S163_L003_R1_001_kneaddata_paired	2031	924565	448	346	4713	2095228	68	435	134	57	31	22	0	1	531	568	1310	3545	162	134	602	7697	298	4373	78	135	7860	291	7119535	3430	617	191	308	550	14	19	492	8681	268118	5332	1757	3489	212	259	1190	4705	99
369046HC_CAATCGAA-GCACACGC_S9_L001_R1_001_kneaddata_paired	862	1811580	291	177	3549	5524209	52	289	143	11	17	63	1	3	252	318	1251	1485	58	92	572	5559	374	1454	65	285	4716	341	3640535	2921	139	357	295	264	206	52	425	4336	298883	5345	997	2632	311	133	945	1407102	91
369048T1_TTGTGTTC-AGATGTGA_S94_L002_R1_001_kneaddata_paired	1281	443808	449	316	4148	10829900	65	384	151	40	40	11	6	1	119	453	1336	3122	127	22	606	7328	287	3524	37	171	6182	249	4727648	2411	433	192	161	403	37	24	430	7293	275419	5187	11975	3032	324	207	878	121431	89
369048T2_ATAGATCT-CCTATGCG_S244_L004_R1_001_kneaddata_paired	1965	2429440	477	265	4543	4081426	174	492	70	41	22	4	7	9	576	298	1459	2763	172	56	668	8616	334	4367	60	181	7120	280	8669829	2896	437	325	278	6756	17	15	649	8511	322228	4720	1630	2203	301	391	1358	3831	101
369049HC_TATGTTGG-TGGACACA_S245_L004_R1_001_kneaddata_paired	1320	1796567	632	211	9644	338561	99	477	67	8	18	20	2	122	874	933	1234	2042	83	56	722	10869	403	2903	115	206	7568	218	8213323	8055	358	345	252	399	52	17	305	5782	228014	6643	1193	19129	937	161	2523	4722	64
369050HC_ACGCACAA-CGGCCGAA_S164_L003_R1_001_kneaddata_paired	802	2976180	267	149	2786	1132936	42	197	80	6	30	40	0	1	328	410	723	1228	40	52	430	4585	288	1468	83	144	3389	205	7088776	2582	179	222	88	147	9	42	209	3203	158969	3540	445	2293	246	154	773	131300	54
369051HC_TTCGCCGA-GTATACCG_S10_L001_R1_001_kneaddata_paired	2259	1166895	771	495	8291	6558292	108	621	165	21	63	45	0	1	603	801	2238	4525	292	97	807	12202	519	5817	117	333	10059	462	5092298	5514	626	294	352	671	22	10	638	10813	456333	7615	1761	5083	448	356	1514	4350	109
369052T1_ATCGTTAG-TGCGAAGT_S165_L003_R1_001_kneaddata_paired	2901	2044506	901	341	8334	2562315	89	793	160	55	45	86	8	1	2156	612	1793	3996	203	169	1402	13446	868	6465	214	281	13765	528	5455632	8205	883	817	436	705	114	67	863	12320	520532	9040	2990	5230	670	459	2675	99975	107
369052T2_ATAGGAAT-CCAGGCTA_S246_L004_R1_001_kneaddata_paired	2369	2504399	488	305	9333	857884	79	1054	146	71	24	89	0	2	641	534	1751	3232	174	169	1271	17038	418	5389	139	212	15078	364	6631019	7438	494	314	479	681	17	54	568	10762	389659	7415	1336	4104	710	279	3538	445819	185
369053HC_ACATCTAG-CGCTACCG_S247_L004_R1_001_kneaddata_paired	1226	2655471	255	162	3101	6293909	38	262	45	18	10	31	0	1	441	255	1001	1944	117	47	341	4961	183	3036	108	45	5182	261	8340899	2235	257	246	213	215	22	12	301	4984	216898	3213	649	2117	115	92	751	2739	22
369054HC_CCTGGTGT-GCCTCCGG_S95_L002_R1_001_kneaddata_paired	3942	934997	584	992	10452	1429347	74	789	294	181	21	129	2	3	930	408	2799	5835	337	144	1270	15827	1257	9632	169	243	727048	733	7197396	6715	892	763	528	736	26	168	1077	14287	624481	11428	10711	8002	247	416	2423	110822	187
369055HC_CTACTGAC-GGAGGATG_S11_L001_R1_001_kneaddata_paired	3223	4324302	930	378	8518	791102	98	643	185	65	32	151	5	0	786	574	1940	3797	282	187	1343	13654	1056	6694	341	307	13023	418	8126685	9292	1034	483	367	655	42	135	726	11143	433644	9194	2384	12802	404	433	2243	345523	149
369056HC_TCATTCGG-CGACGGTT_S248_L004_R1_001_kneaddata_paired	1883	4452009	403	360	6246	3677469	50	378	79	59	37	120	0	4	640	404	1774	3470	251	132	617	10508	516	4883	47	191	8319	572	8846300	4246	475	438	372	363	30	95	618	9397	338990	7929	1882	4387	495	385	1355	5522	138
369057HC_TGCAGTCG-CTGTAGTG_S166_L003_R1_001_kneaddata_paired	1667	1736733	923	341	5917	999182	70	478	83	42	55	25	9	4	634	612	1545	2889	142	206	912	9673	384	4564	206	332	8300	393	4791781	6427	451	321	353	372	21	16	460	7713	300518	7355	1563	8669	507	186	1747	1368206	53
369058HC_CATGATGA-GTTAGAGG_S12_L001_R1_001_kneaddata_paired	2594	3227486	1096	605	6956	2335377	146	462	172	99	35	24	9	0	494	835	2459	3345	328	204	809	12766	481	5908	150	350	9284	472	8619907	6952	814	397	608	549	36	29	810	11457	512238	7679	1984	10650	245	350	1725	103540	46
369059HC_TGACTACT-CCTTACAG_S13_L001_R1_001_kneaddata_paired	1578	2774637	514	170	5944	311293	95	406	198	14	51	116	2	2	1391	471	1264	1804	63	141	947	9442	626	2141	185	133	8692	369	11972907	5717	202	314	161	161	62	105	403	5999	238263	6297	880	9128	334	247	1648	87902	118
369061HC_ATAACGAC-AATGGCCT_S167_L003_R1_001_kneaddata_paired	1593	992674	384	174	4499	6493834	64	311	92	37	43	18	13	0	353	317	1334	2260	90	18	428	6931	332	2750	112	135	5593	331	7182021	3388	322	174	225	235	25	36	576	6095	221347	4565	1057	3039	255	216	1180	64778	67
369062HC_TGAATATA-CTGCCGCC_S168_L003_R1_001_kneaddata_paired	564	5176296	296	56	2750	29057	27	112	9	0	14	32	3	8	902	397	482	619	35	18	419	3801	195	813	132	72	3148	109	6987579	3689	100	98	86	101	26	10	150	2381	118896	2896	262	3572	294	80	1066	749	16
369063HC_AAGTTGGA-AATACAGG_S14_L001_R1_001_kneaddata_paired	1592	2387751	820	203	5410	3359956	51	449	69	10	15	37	1	7	541	525	1411	2615	120	108	746	8358	335	2828	122	122	7675	252	11133251	5559	315	403	350	325	79	38	468	6935	326113	5401	1015	4584	252	209	1602	4043	54
369065HC_ACAATGCC-CGTCCTTA_S169_L003_R1_001_kneaddata_paired	1836	8299274	340	271	4479	940986	55	440	49	34	36	41	9	1	495	323	1257	2723	178	148	398	7204	382	4161	80	163	7419	350	5829909	3613	414	233	154	312	16	82	268	7593	343292	5151	1315	3144	257	167	1243	3947	94
369066HC_GACGTAAG-GCCAAGCC_S249_L004_R1_001_kneaddata_paired	5732	12190326	141	675	6464	75493	257	1466	7	18	23	23	0	0	1418	132	1956	8145	402	201	874	9364	95	13833	24	69	20682	692	7161601	846	1846	153	941	950	6	0	443	25140	951460	5476	3114	2011	286	42	1455	11186	2
369068T1_GGATAATA-TGGTACTA_S96_L002_R1_001_kneaddata_paired	2621	386290	1141	514	9291	6152763	146	617	136	75	80	147	9	13	404	1023	2070	3867	189	38	1381	13171	860	5153	269	447	11409	390	3888593	12102	667	401	486	753	38	89	914	11202	536126	11128	2860	16729	569	552	2562	2297194	78
369068T2_TTGATAAT-GTGACCAT_S170_L003_R1_001_kneaddata_paired	2670	299468	663	514	7066	10882231	133	414	174	61	51	17	12	0	412	462	2778	3666	202	40	711	10885	833	4954	60	409	9933	421	4461719	3771	703	542	362	96982	69	34	968	11380	445315	6887	2352	3056	402	337	1163	204162	218
369069HC_GTCCACTC-TTAATTCC_S97_L002_R1_001_kneaddata_paired	2295	514190	559	436	8156	451590	62	653	264	120	69	157	1	1	600	678	1529	3620	128	152	975	11077	1104	3955	179	235	11335	443	7669204	7293	531	736	339	456	32	150	642	7913	647942	10089	2548	7162	368	333	2288	6944	145
369070HC_TGCGCTTC-GCCGACAC_S250_L004_R1_001_kneaddata_paired	3176	1914592	757	849	8743	482078	239	639	152	67	23	55	0	5	1054	449	2198	4025	208	110	879	12365	590	7652	160	218	11276	462	14098848	5152	938	655	269	541	18	64	683	13980	477264	9200	2199	5247	457	318	2409	339392	68
369071HC_ATAATGTA-AATGAACC_S171_L003_R1_001_kneaddata_paired	3690	2179805	435	525	7142	2064986	67	646	129	62	16	70	1	1	1738	290	2238	5096	287	275	550	10729	618	8999	125	184	12665	616	8565094	3808	1189	336	391	334	35	36	559	13531	519805	7081	2625	4204	238	298	1161	14920	66
369072HC_GGTAATCG-GAACGTCG_S172_L003_R1_001_kneaddata_paired	1456	3787410	434	268	5733	381083	76	442	103	13	46	66	0	12	570	331	1176	2222	173	54	705	9381	386	4059	141	127	362171	245	7320505	4364	250	266	166	270	39	38	344	6391	407448	6162	1126	5386	357	222	1060	3404	50
369073T1_AACACATA-AATTCTAA_S98_L002_R1_001_kneaddata_paired	1802	1430701	403	308	5288	3886468	79	345	68	46	41	53	3	2	298	403	1501	3046	203	13	468	7332	353	4720	78	161	7156	232	7709866	3250	508	196	197	361	28	19	554	8510	260627	4535	2833	2582	257	414	1132	3530	36
369073T2_TTGGCAGG-GTGTCATG_S99_L002_R1_001_kneaddata_paired	1714	723292	363	313	4711	3147216	74	499	57	46	60	66	0	0	384	327	1112	2725	132	102	557	6777	239	4196	56	106	6814	250	3855936	2535	458	275	275	370	26	34	310	8059	255498	4433	1621	2075	286	184	945	1371326	39
369074T1_CGCGCCAA-TGGCTAGG_S15_L001_R1_001_kneaddata_paired	4252	1212433	1614	777	9520	4167963	307	651	241	128	78	3	5	1	826	1266	3404	10043	352	438	748	18417	974	10343	68	544	14911	1035	7200531	5166	1095	364	772	858	21	27	1268	17493	607520	13369	3610	7558	374	397	2587	10443	90
369074T2_TGAATGCG-CCATATCG_S100_L002_R1_001_kneaddata_paired	2277	2637493	428	238	4338	2618363	115	309	69	34	40	9	3	7	1209	359	1435	3661	114	184	600	8367	442	4817	103	144	7281	321	5754186	2798	470	189	291	420	44	12	467	8685	350565	5274	1724	2704	203	242	1425	3889	67
369076T1_ACAGAAGC-GTCATAGC_S173_L003_R1_001_kneaddata_paired	570	692379	292	169	3031	16343	60	340	61	24	2	1	0	0	96	224	809	1272	227	24	541	4607	108	1767	28	66	3963	28	11166326	1400	79	56	165	207	6	25	301	4026	2396982	3946	796	1157	133	277	661	1451	59
369076T2_ACAGCCTT-CACACGCG_S174_L003_R1_001_kneaddata_paired	554	2557065	355	141	3531	5672224	56	195	130	14	32	0	3	0	438	398	732	1928	99	1	728	6530	233	1220	50	199	4317	17	9274097	5070	96	203	166	82	25	11	362	3423	139182	4034	752	7790	300	338	831	3005	125
369077T1_ACAAGGTG-CTTAACCA_S251_L004_R1_001_kneaddata_paired	1297	1187271	1060	250	8327	6155672	38	421	84	32	107	85	1	0	153	715	1737	2307	172	19	1141	10667	603	2627	198	319	8503	409	9264737	8904	309	420	224	384	24	30	468	7402	267692	7844	1396	6714	674	371	2308	3113	35
369077T2_ACCAGGAC-TGTAGCGG_S101_L002_R1_001_kneaddata_paired	665	6770829	580	142	3875	1725044	41	243	86	20	24	70	0	0	41	285	626	914	97	2	747	5177	272	1282	138	129	4644	91	8092140	3598	109	135	87	129	18	18	289	3332	118041	4277	515	3933	265	170	1098	1182	31
369078HC_ACCTTAGA-ATGCGTAG_S175_L003_R1_001_kneaddata_paired	1714	786228	1479	181	6737	1906302	472	696	80	14	66	23	0	0	689	377	2214	3194	120	35	932	9784	831	3596	636	815	10452	429	9727126	5942	439	146	293	568	673	9	423	7144	305650	8730	1879	6319	275	201	1890	3514	37
369079HC_ACGCTTAT-CATCATTG_S176_L003_R1_001_kneaddata_paired	2875	1865855	762	523	7306	3799735	129	561	200	88	72	30	7	1	451	699	2193	4078	173	55	849	11427	665	5825	136	403	149453	445	4849256	5311	668	359	525	123409	50	37	810	11170	364940	8099	8282	8195	374	397	1825	194930	86
369080T1_ACTCTACG-CCAGCTGA_S177_L003_R1_001_kneaddata_paired	624	339450	221	161	2382	12464573	19	208	52	26	13	11	0	3	238	288	595	1180	103	7	477	4038	295	1484	45	138	3415	50	5164426	2366	123	205	185	225	49	8	375	3456	180185	2729	601	1785	158	122	455	105957	35
369080T2_TGAACAGG-GAGAACAA_S16_L001_R1_001_kneaddata_paired	856	145714	227	164	2822	14534000	40	319	52	36	21	3	1	2	242	281	786	1569	107	4	503	4966	289	1624	50	160	3690	88	4786591	2242	156	184	195	312	40	29	317	4157	193354	2979	755	1639	182	150	697	132720	42
369081T1_TATTGTCG-TTCAATTC_S178_L003_R1_001_kneaddata_paired	1621	902948	530	214	6034	337344	134	478	104	51	8	45	2	1	387	601	1259	2551	243	87	633	8833	317	4215	100	148	76171	253	8842483	4445	329	376	251	382	22	57	463	7477	375451	5537	1185	4376	320	212	1487	4786	85
369081T2_GTTATTAT-CGCTAAGC_S179_L003_R1_001_kneaddata_paired	2106	299600	737	170	6651	494569	177	823	66	23	28	57	1	1	371	1278	1742	3078	201	105	686	9972	556	4273	95	337	10404	386	10906333	4562	452	388	239	490	10	96	529	9549	364933	6754	1450	3697	480	221	1778	6266	44
369083HC_ACAGGCAG-AGCAAGTT_S180_L003_R1_001_kneaddata_paired	1292	1308286	289	153	4161	3772926	31	249	136	17	17	58	4	2	549	277	1108	1716	64	77	510	6298	405	2793	122	55	5458	268	8584590	2937	228	175	170	245	35	62	278	5053	213860	4401	805	2346	382	173	835	2588	69
369084HC_AAGTTATC-AATAGCAA_S17_L001_R1_001_kneaddata_paired	1557	1436962	816	285	6908	3762779	113	548	190	15	34	56	0	0	714	879	1503	2724	185	201	742	11052	658	3502	111	382	8406	502	10230801	5983	287	411	231	412	58	63	524	7791	255723	8108	1198	5853	590	341	1500	150903	125
369085T1_ACATGGAT-GGTTAGCC_S252_L004_R1_001_kneaddata_paired	576	1690045	284	163	2494	12625780	20	265	39	41	21	9	3	0	174	340	750	1782	55	64	457	4064	296	1298	85	145	2820	118	6470921	2464	173	77	120	225	37	11	325	3587	208787	3163	575	1713	196	124	731	171850	58
369085T2_TAACTCGC-GAGCGGTT_S181_L003_R1_001_kneaddata_paired	343	5610939	176	86	1458	7454190	12	99	67	22	4	9	0	0	97	184	449	806	18	48	233	2197	126	756	23	80	1633	37	5080978	1012	118	31	29	101	6	5	157	1722	109446	1450	344	1036	75	46	409	1285	8
369087T1_CTGATTGA-GACACACT_S102_L002_R1_001_kneaddata_paired	2865	768845	555	402	5288	2512247	138	504	101	79	64	20	11	0	696	468	2118	4673	139	51	656	10864	510	7234	124	379	121676	482	7323055	3711	822	198	467	2735	14	44	918	11696	373015	7724	3027	3143	247	484	1303	1018099	99
369090T1_TATACCAT-AATGCCAC_S182_L003_R1_001_kneaddata_paired	1947	1425566	448	305	5329	7610903	93	627	54	95	18	12	1	0	273	346	1257	2507	141	42	606	8050	328	3755	117	230	6862	332	5149266	2742	451	254	376	520	27	31	546	8370	581849	5025	2307	2722	274	212	1129	1840085	53
369090T2_TTGTAGAT-CACTCTGA_S183_L003_R1_001_kneaddata_paired	2739	4277094	1171	595	11945	2875044	155	1309	150	58	219	18	0	1	689	872	2401	4151	226	187	1153	15688	652	5225	159	378	11894	357	10023411	6128	619	461	543	723	16	31	924	12838	416585	8241	2202	6968	553	376	1711	595303	70
369091T1_TTATTATG-TTAGCGCA_S18_L001_R1_001_kneaddata_paired	547	590657	107	66	2016	10417609	27	131	27	13	8	43	0	0	136	180	610	830	46	8	172	2943	182	1132	49	38	2495	83	5740967	1074	125	44	92	134	11	6	190	2483	180927	1741	352	1274	89	91	451	104885	6
369091T2_TTGTAAGA-GCTTGTGA_S184_L003_R1_001_kneaddata_paired	932	1083855	396	137	3259	3325918	33	255	52	7	26	11	1	0	258	507	694	1327	42	31	343	4922	421	1600	74	82	4073	172	9015356	3106	132	133	141	104	36	20	284	3534	163506	3126	520	2211	192	151	894	6101	11
369092HC_GTCTGTGC-CTGATGCT_S185_L003_R1_001_kneaddata_paired	2321	2530125	581	524	6925	394455	163	626	155	28	34	38	4	5	801	663	1958	3682	137	80	796	10838	561	5670	171	231	256818	427	8510068	4425	724	245	307	509	41	31	615	10440	386114	6471	1919	5160	405	260	1773	11679	72
369093HC_TCGAAGCT-GCACTGAG_S19_L001_R1_001_kneaddata_paired	4053	2285174	841	346	11260	692233	202	940	107	22	64	52	2	4	1078	581	2020	5980	309	162	888	12906	884	8232	139	250	13425	623	7754668	6201	979	403	326	522	18	65	635	15643	475760	8722	2667	6646	424	408	1825	355269	63
369094HC_TCTACGCC-CGGCGTAC_S253_L004_R1_001_kneaddata_paired	1458	2432291	461	279	5371	2651842	105	329	124	23	25	54	0	5	1778	456	1329	1890	80	9	607	7919	563	2195	128	139	7115	321	9140051	4562	235	416	193	195	28	40	520	6104	4729948	5400	795	3450	381	175	1538	2306	37
369096T1_TATCTGTC-TTCGGCAT_S254_L004_R1_001_kneaddata_paired	625	721136	186	126	2338	9232237	58	423	64	14	39	8	1	20	202	370	636	1051	73	5	340	3995	169	1205	68	110	3150	50	3328718	1720	95	102	176	117	26	11	325	2890	238178	2583	636	1880	93	215	533	1387	19
369098HC_TTCGAACC-TGTCACCT_S20_L001_R1_001_kneaddata_paired	1726	4295983	264	232	3427	6107308	38	370	28	28	8	6	4	3	334	221	1125	2275	173	58	388	4901	175	3261	44	90	5642	281	5752683	1719	467	206	266	270	24	50	389	6325	323052	3020	8430	1767	102	98	609	47754	74
369099HC_CGATCCAC-TCGCGCAT_S103_L002_R1_001_kneaddata_paired	1441	10279005	362	278	4064	281670	44	330	137	43	17	20	4	5	476	265	956	2302	202	94	924	7192	254	4042	101	76	157267	247	4067005	2846	255	117	175	304	10	17	346	6148	244531	4472	999	2678	211	92	847	20794	89
369100HC_ACTTCCTG-AGTCGCGA_S104_L002_R1_001_kneaddata_paired	1486	1005880	298	269	3542	7317646	156	255	109	11	23	26	0	0	312	283	1124	2205	142	116	541	5039	376	2278	61	284	4576	124	9283347	2429	443	304	133	218	15	42	507	5113	203191	4649	1032	2037	121	196	1109	85901	82
369101HC_CGAGCCGG-GCGGCTTG_S21_L001_R1_001_kneaddata_paired	1314	3849125	375	150	5155	5713735	34	362	154	22	57	100	0	2	594	325	1162	1746	84	128	685	7447	521	2324	216	184	173686	399	6307104	5175	278	361	139	223	62	123	291	5414	371465	5233	1270	4506	302	277	1211	18684	142
369102T1_ACCATTAA-GAACCGGT_S105_L002_R1_001_kneaddata_paired	5540	3222648	596	660	8398	2017409	243	874	181	269	37	3	6	3	1305	886	3632	9367	531	102	1718	16371	482	11527	81	271	15067	534	7719919	3260	1281	211	999	1031	25	12	1442	20664	1951585	9480	5171	2976	389	720	1655	8841	148
369102T2_CAATGATG-CACGGACG_S22_L001_R1_001_kneaddata_paired	2415	1252894	377	545	5993	6483198	54	472	148	75	52	14	2	5	466	384	2142	3660	141	75	622	10078	307	5745	89	185	8617	497	5801127	3985	693	274	413	5110	24	30	719	10264	384521	5967	2107	3484	293	233	1571	112178	95
369103HC_TGTGTGCC-CATCAGGT_S106_L002_R1_001_kneaddata_paired	2366	642000	649	306	7021	5108747	104	374	142	81	39	53	1	7	485	642	1695	3551	107	49	884	11136	590	4887	177	322	9000	328	7574709	6616	505	465	403	501	46	79	716	9112	459837	9025	1810	9884	463	299	1783	51152	86
369104HC_CTATCATT-GACCACCT_S23_L001_R1_001_kneaddata_paired	1428	1243503	401	243	5359	2574472	98	335	82	35	30	100	0	2	325	459	1369	2118	103	76	727	8524	378	3093	174	203	6581	245	8323162	4850	361	210	220	307	45	25	388	6504	244291	5339	1290	7807	468	357	1412	11201	65
369105HC_GTTATATA-GTAGTGAT_S107_L002_R1_001_kneaddata_paired	1549	596496	875	277	5608	1027790	159	477	81	24	68	69	2	4	452	533	1327	2675	143	25	1069	8188	467	2746	207	394	7506	274	11703046	6140	476	352	155	350	34	35	559	6489	213950	6645	979	6308	462	279	1609	101138	55
369106HC_ATACAACC-ACCGTGTG_S255_L004_R1_001_kneaddata_paired	1308	609618	329	221	3430	7768909	61	228	51	29	12	19	3	1	274	308	1380	1977	125	27	312	6157	215	2859	49	134	5199	227	6878165	1857	340	171	230	293	33	34	446	6337	234424	3786	1060	1714	246	183	768	2849	25
369107T1_CATTGCAC-CATGCAGC_S24_L001_R1_001_kneaddata_paired	2238	302051	735	416	5798	7032360	147	511	171	49	76	34	15	8	606	445	2124	2845	167	73	826	10319	567	3955	125	302	7535	271	6327541	4557	445	405	421	9488	51	53	707	8854	563049	7056	3661	3974	469	389	1674	12146	145
369107T2_AAGGTAGG-CCATCGCT_S186_L003_R1_001_kneaddata_paired	3156	1682540	553	729	7653	813540	70	692	128	143	23	60	5	4	1000	621	2656	5917	293	167	934	13285	643	7449	103	270	12824	510	7996171	4905	1007	401	655	1161	72	24	882	14483	438761	9868	2297	4993	510	359	1813	8237	163
369108T1_GAATAGTG-CACTTCCA_S108_L002_R1_001_kneaddata_paired	576	8265177	224	226	2220	3542956	41	366	45	9	16	8	0	0	1324	299	458	807	30	11	304	3951	176	1251	74	166	3536	58	5540269	1685	109	92	105	83	8	10	208	2842	396683	2962	604	2408	134	126	610	1047	7
369108T2_ACACATTC-CTGTCGGT_S109_L002_R1_001_kneaddata_paired	810	4441262	280	221	4368	2459258	29	327	149	8	20	11	2	19	165	445	693	1257	25	4	526	5626	271	1059	83	347	3857	67	7004769	3317	118	140	60	290	11	4	176	3430	125438	3641	1196	5207	218	230	785	890	9
369109T1_ATAACAGA-AATGGAAG_S187_L003_R1_001_kneaddata_paired	1012	2817560	860	299	8729	1435795	62	259	32	22	47	173	1	73	1371	621	717	1315	105	9	1188	10349	344	2061	141	135	7266	136	7042020	8508	173	165	130	266	12	22	535	5668	248959	6753	699	13997	406	377	2222	1380	50
369109T2_CGGTGGTA-GCCTAGTA_S25_L001_R1_001_kneaddata_paired	1358	10322891	508	360	3524	1003203	98	276	26	42	23	65	0	23	559	562	840	1532	75	1	618	6297	333	2581	49	86	6322	190	5165574	3765	146	304	174	239	0	29	437	6638	269339	4006	958	3149	239	267	1756	1770	57
369111HC_AATCCGTT-AATATGCT_S26_L001_R1_001_kneaddata_paired	3525	1625733	756	701	9169	5119919	162	867	167	70	35	46	8	8	592	667	3001	5893	285	70	1206	14502	749	8406	208	291	247273	561	8672020	5128	1095	446	744	837	29	61	984	15734	602425	9265	5838	6645	362	412	1990	65940	171
369112HC_TGCGCGCT-CAGTTGCG_S110_L002_R1_001_kneaddata_paired	1892	6216199	733	311	6836	838346	61	291	133	55	85	82	0	4	390	746	1483	2735	264	87	919	10986	486	3372	198	131	9702	262	10879296	7070	391	389	250	344	44	19	560	8800	263992	7989	1417	6126	503	255	2125	5098	125
369113HC_CGAAGGAC-GTTGACGC_S27_L001_R1_001_kneaddata_paired	1822	440766	757	215	8226	243290	32	508	37	8	67	43	14	0	1834	879	1214	2664	90	32	1077	8962	424	2919	144	403	7932	258	9412352	7148	177	143	222	330	75	3	532	7307	318492	6760	1349	4533	820	280	1735	4282	17
369115HC_CAGAAGAT-GTACATTG_S28_L001_R1_001_kneaddata_paired	2062	1850879	531	338	7055	4668613	88	438	74	11	14	32	25	2	971	621	1588	2456	143	241	859	9086	398	4761	145	113	8512	246	13377634	4737	491	288	182	333	24	63	521	8082	327460	5418	1140	3749	506	134	1695	13980	39
369116T1_GAACAATT-CTTGGATT_S256_L004_R1_001_kneaddata_paired	2415	772096	435	354	6118	8860260	48	557	130	86	65	11	0	2	611	354	1528	3919	197	78	799	8497	459	5938	84	159	8344	400	5164126	3151	576	282	360	484	34	12	519	9688	580492	6123	1915	3920	298	257	1234	5692	81
369116T2_GAATCAAT-TCTGTGAT_S29_L001_R1_001_kneaddata_paired	4338	2198383	376	784	9041	5210120	201	839	179	103	24	7	4	0	855	451	3322	6839	703	70	661	13997	326	12658	23	213	14065	715	11337822	1643	1424	217	662	1014	12	10	929	19875	752893	8296	4067	1694	135	289	1049	110035	105
369118HC_CGCTGCTC-GGCAGATC_S30_L001_R1_001_kneaddata_paired	350	740497	244	39	2469	6829268	17	136	40	10	15	24	1	1	222	102	273	375	33	10	400	3328	117	732	111	111	2742	101	10854120	2788	61	112	52	124	10	18	143	1736	71114	2138	315	3742	271	107	671	115497	21
369119T1_ACCGCTAT-TGGTTGCA_S111_L002_R1_001_kneaddata_paired	2378	1351266	941	559	10257	8256826	119	704	203	28	86	63	0	1	731	843	2503	4962	379	121	1031	14593	676	6317	135	459	11963	480	6291173	7278	672	456	416	712	48	13	821	12287	519339	9027	1986	6670	514	418	1947	5237	139
369119T2_AATCGGCG-AATATTGA_S31_L001_R1_001_kneaddata_paired	3280	706775	887	363	8169	3873601	154	769	98	80	99	10	4	0	467	624	2631	5394	214	17	1067	12652	692	5652	225	352	10773	614	7184777	5800	702	220	539	18243	44	41	1159	12604	424187	9080	2155	5341	416	435	2003	8858	103
369120T1_TTACCTGG-ACGATTGC_S112_L002_R1_001_kneaddata_paired	4188	985243	559	384	7642	5325224	104	1363	231	120	21	7	1	1	761	555	3139	7039	269	11	561	16190	464	11208	196	342	14104	381	3716353	3239	944	185	702	1902	146	27	1171	20094	559453	10857	4017	4515	523	673	1385	6763	255
369123T1_AGTATGTC-GGTCAGTA_S257_L004_R1_001_kneaddata_paired	1083	925521	328	221	4758	10986285	115	242	49	31	48	26	2	0	266	498	1234	4846	129	52	634	6919	382	2442	64	129	5191	120	5270623	2377	276	261	273	282	6	22	376	5972	233686	3738	966	2990	285	257	1150	3690	25
369123T2_TTATGTAT-TTCAAGAG_S113_L002_R1_001_kneaddata_paired	996	3514745	356	210	4993	6718645	112	256	63	22	27	29	4	0	261	461	1017	2649	94	70	714	6486	329	1916	126	128	4714	130	10175977	2477	232	220	248	281	11	39	277	4672	216446	3630	684	2343	295	231	1002	71863	23
369124HC_CCGTGCCA-GCAGCTCC_S32_L001_R1_001_kneaddata_paired	1092	1602996	270	154	2856	7551728	47	288	111	9	13	13	2	2	379	179	898	1494	60	43	354	4477	182	2611	50	84	4224	226	6967342	3295	255	103	230	162	32	45	243	4756	470814	2633	738	1632	167	128	828	54515	27
369125HC_TCGGTAAG-CTAACTCA_S114_L002_R1_001_kneaddata_paired	2140	4714183	433	490	5486	1293832	58	363	181	75	19	55	0	10	1164	341	1756	3445	234	113	650	9327	394	5920	76	180	291210	476	7500426	3863	564	415	366	2189	55	40	462	9182	373561	6930	2196	3491	265	190	1345	5129	77
369126HC_AGTGTGAG-GCAGGTAT_S258_L004_R1_001_kneaddata_paired	2080	5630743	396	584	6627	1292223	69	409	151	30	27	74	0	8	720	470	1904	3834	319	69	667	11525	461	6680	175	182	8925	317	8159031	3547	528	340	441	590	24	43	492	9597	870268	6634	1960	4909	235	217	1047	134146	78
369127HC_CGCTATTA-GCGGCCGT_S33_L001_R1_001_kneaddata_paired	1979	761798	502	433	5273	498577	77	436	157	56	35	49	2	1	518	487	1431	3941	123	112	725	8963	429	5140	116	210	8992	392	11463147	3774	541	358	315	412	21	42	411	9016	302877	7441	2031	4124	336	175	1606	5186	66
369128HC_TACGTCTC-CATGTCGT_S259_L004_R1_001_kneaddata_paired	2218	1078794	471	222	5394	1237047	64	454	79	36	49	28	0	1	454	354	1522	2866	136	116	644	8484	341	4718	144	79	8454	329	14341611	3546	441	238	192	505	41	93	429	7595	301835	5213	1504	2912	226	124	1393	4295	84
369129HC_TCAATTAT-CCTGAAGG_S260_L004_R1_001_kneaddata_paired	3113	1969946	1237	549	11655	1673223	172	999	237	52	149	52	41	4	561	918	2598	4144	221	77	1470	18517	1318	5531	262	331	13154	516	9679188	10142	625	517	385	965	114	102	870	12297	496762	10511	1985	12375	713	413	2979	7841	121
369130HC_TCCTTGCG-CGCATGTG_S261_L004_R1_001_kneaddata_paired	1172	212172	845	158	4517	6204468	38	272	56	52	123	18	0	0	202	325	1148	2190	119	34	1061	8794	544	2605	320	239	5853	359	6687969	4648	226	73	196	3809	19	4	623	5995	284859	5597	891	3617	330	328	1290	2547	28
369132HC_ACATTCTC-ACAACTCT_S188_L003_R1_001_kneaddata_paired	3472	3559241	616	276	6205	1038533	122	503	91	75	59	30	1	5	523	686	2191	3805	94	38	830	9842	449	5374	185	244	117111	208	7014399	4403	700	290	440	436	15	10	583	11388	327706	6863	2911	4464	245	317	1742	1153911	55
369133T1_AAGGAGTT-AATTAGAT_S115_L002_R1_001_kneaddata_paired	4245	704143	636	468	9348	6295289	122	946	163	41	97	37	5	1	750	718	2265	5199	323	242	1020	15470	627	9651	118	422	15877	570	5124378	5949	847	284	435	950	56	36	699	17049	554465	9563	3065	7746	433	406	1971	7703	63
369133T2_CAGTGTGG-TGTGAATC_S116_L002_R1_001_kneaddata_paired	4812	1218583	1568	567	15080	2345843	91	982	247	32	72	81	1	2	881	987	2043	5098	289	345	1365	15858	379	10640	132	295	17099	593	6994093	5606	941	319	250	749	11	18	720	18593	767037	8582	2741	9678	474	195	1858	7314	17
369135T1_ACAAGAGT-GCCTTCAA_S262_L004_R1_001_kneaddata_paired	3465	437268	775	427	7303	4607275	134	870	181	107	57	47	1	5	925	637	2120	4358	342	110	1055	12761	493	7689	114	288	12643	504	7353871	4527	884	381	379	1364	55	40	792	13533	1076368	7352	80756	4486	363	485	2024	444833	72
369135T2_AAGCAATA-AATTGAGA_S117_L002_R1_001_kneaddata_paired	2542	381331	428	453	5644	4934284	69	675	133	59	42	18	1	0	478	454	2018	3889	228	77	673	9822	411	6499	87	259	9954	380	6443867	3252	698	237	342	788	22	19	628	11264	359240	5849	2190	3182	203	258	1314	5399	73
369137HC_ATACATGA-GTCGTCGG_S263_L004_R1_001_kneaddata_paired	2391	1423957	637	368	5896	2452853	93	512	77	64	58	14	5	0	624	579	1549	3343	158	126	852	10184	490	5403	188	257	291749	309	5744630	5311	683	356	306	532	79	24	671	9515	431053	6804	19464	8418	305	277	1936	96358	41
369138HC_AGTTCCGT-GGCCGCGT_S189_L003_R1_001_kneaddata_paired	810	22251145	148	260	2118	97002	24	154	54	8	9	8	0	0	778	144	487	1662	32	3	225	2455	152	1075	34	90	2972	55	1975791	1147	315	91	60	173	5	2	138	5696	194431	1689	299	1056	209	116	421	1585	11
469001T1_AAGATACA-AATATCTG_S34_L001_R1_001_kneaddata_paired	5020	2960073	590	444	10384	834637	116	671	225	85	58	13	0	16	663	727	2369	7114	194	15	1547	15882	1678	14061	1290	265	3537487	456	4915918	5839	1481	579	655	1045	139	23	1116	19631	904883	10105	4775	11884	814	473	2798	8349	49
469001T2_TAAGTACC-GTGAGCCA_S190_L003_R1_001_kneaddata_paired	3165	2978208	415	378	8587	2422871	86	599	185	81	28	9	0	19	655	501	1872	4679	204	35	888	11490	972	8637	523	164	1187497	307	3336266	3088	956	383	449	894	68	12	778	13775	590248	7111	3145	6877	428	312	1508	6684	93
469003T1_TACAATAT-CTTCAATA_S264_L004_R1_001_kneaddata_paired	2044	4323195	468	164	7977	2774652	136	215	177	75	207	26	2	97	438	807	1713	3343	171	77	1259	11779	740	4335	408	190	1895187	292	9383959	10085	306	183	208	478	148	8	643	9040	284694	10189	18675	10135	351	503	1843	5128	109
469004T1_CTGGCCTC-GATCCAAC_S35_L001_R1_001_kneaddata_paired	776	53274	353	125	6470	3387790	14	162	42	0	22	49	2	1	122	433	640	686	24	2	1424	5581	198	741	226	165	3813	391	11696299	4443	29	117	54	82	72	24	230	2446	167274	3976	463	3871	283	114	1226	3418	74
469004T2_TTCGTTCT-GTTGAGCA_S191_L003_R1_001_kneaddata_paired	1550	449100	174	226	3956	3711563	191	107	52	32	2	9	1	1	310	314	1500	2362	303	30	547	6090	246	5005	29	98	6188	344	12202657	1645	484	79	238	464	0	15	297	5650	1764752	3913	1362	1274	30	139	951	6610	34
469005T1_ACGGCAGA-GTCCGCAA_S118_L002_R1_001_kneaddata_paired	1264	645252	397	179	3886	8466657	52	255	67	35	20	28	2	1	261	388	1292	1755	146	28	386	6664	239	2695	88	158	5540	205	7113062	2633	308	200	170	248	20	33	494	6025	240073	4197	1071	2553	282	193	916	3048	38
469006T1_GTGAGTGT-CGCCTCTT_S265_L004_R1_001_kneaddata_paired	2876	984276	217	674	4790	6579659	142	1361	190	221	4	18	0	16	261	292	1583	3785	203	18	276	7909	244	9053	31	235	12166	47	11166936	32690	973	75	453	766	11	0	1035	13341	3410955	7937	3520	3907	100	204	746	3604	128
469006T2_TGATCTAA-TTAACCTC_S192_L003_R1_001_kneaddata_paired	2010	391880	887	939	8142	985369	384	930	183	291	8	54	0	0	856	958	2267	4587	673	102	744	14827	445	10768	40	239	18703	93	7447605	6298	561	159	140	397	4	20	1869	16022	532361	11050	4709	3505	143	300	901	3780	83
469007T2_TGCGAGAC-GCCGGCGA_S119_L002_R1_001_kneaddata_paired	510	173018	255	113	3080	13238119	45	105	36	1	26	9	0	0	114	327	592	709	41	17	396	3568	206	736	70	119	2619	93	3310165	2048	66	156	116	97	10	9	268	2683	88304	2790	404	1643	254	158	622	1407	30
469008T1_TCTCCGTG-TGAATCGT_S193_L003_R1_001_kneaddata_paired	2659	621614	489	481	6782	6797976	88	742	123	150	32	47	1	2	420	1051	2089	4304	251	80	788	12313	737	6696	158	366	10195	353	5960855	4345	703	300	495	664	90	107	752	12749	370505	8363	2411	4097	309	432	1915	350057	137
469010T1_TCGGTCGA-CCAAGTGC_S120_L002_R1_001_kneaddata_paired	747	100938	387	115	4175	13036795	45	202	103	7	148	18	1	1	289	253	755	1910	72	36	679	5898	477	1299	67	216	4350	121	5306401	4685	183	303	83	91	130	37	452	3118	183916	4348	710	2928	249	171	698	29691	60
469010T2_GAAGCACA-CCTCTGGC_S36_L001_R1_001_kneaddata_paired	2059	2036968	307	403	4092	4626010	180	339	153	20	17	14	0	0	401	267	1374	2898	209	88	654	5459	273	4185	22	188	5341	169	9431116	1461	882	188	212	447	25	13	505	7711	285513	4294	1496	1209	88	211	1033	165458	39
469011T1_AGCTTATG-GCCTGTAG_S266_L004_R1_001_kneaddata_paired	3569	3070466	615	349	5688	5266191	125	352	174	146	106	32	2	3	362	696	1786	4425	195	62	711	10281	653	5255	168	171	9239	416	6343299	4518	647	491	494	535	26	8	1059	10621	337081	7465	2670	3627	369	462	1581	4604	61
469011T2_CTACGGCA-CCTCGTAG_S37_L001_R1_001_kneaddata_paired	2362	1186905	569	253	4615	5768256	117	350	109	67	29	16	7	0	265	520	1536	3104	165	69	605	7798	450	3803	159	208	7309	308	8258193	2907	482	286	288	501	23	2	763	7783	250741	5514	1885	2710	248	197	1169	3143	57
469013T1_ACAACCGC-CACATACC_S267_L004_R1_001_kneaddata_paired	2036	261697	1183	531	9522	255413	165	662	166	23	156	8	0	17	656	1184	2006	3788	339	43	1718	14485	631	4492	337	571	11376	235	10552195	9203	382	654	312	599	101	9	651	11415	417768	14406	2862	7149	765	741	3420	400504	151
469013T2_GAATGTAA-CTGGCACT_S194_L003_R1_001_kneaddata_paired	2869	1644672	1033	777	9745	97163	78	701	319	45	39	12	11	9	574	697	2369	6747	317	20	1197	14556	672	7495	203	496	12405	472	6221891	6121	861	253	445	839	194	81	964	12578	436357	13302	2652	6264	533	515	2505	8728	410
469014T1_TAGAGCTC-GGATCCGA_S268_L004_R1_001_kneaddata_paired	1791	414529	375	409	3459	7337106	74	375	81	73	32	8	6	0	194	247	1066	2326	192	12	504	5708	258	3968	78	110	82296	198	3573602	1733	599	230	247	377	29	12	469	6647	237298	4444	1845	2000	173	197	868	47155	80
469014T2_ACTTGTAC-AAGCATGG_S121_L002_R1_001_kneaddata_paired	2274	1441587	358	732	4892	3088986	109	443	93	44	20	15	0	3	427	277	1326	3518	200	71	755	7702	310	5680	43	124	7483	224	19823299	1790	691	498	310	482	26	15	744	8879	357553	5485	2212	1736	235	181	1157	5365	71
469015T1_AAGAAGCG-GTAGATAA_S38_L001_R1_001_kneaddata_paired	2629	656232	842	580	6782	2780212	44	356	170	62	104	20	0	1	345	661	1752	3941	150	47	1469	11475	429	7426	160	213	10734	520	6714313	6138	880	462	335	723	21	72	710	11645	429042	8023	3362	10208	486	461	1860	88042	67
469015T2_TTGTTCTT-CTACAAGT_S269_L004_R1_001_kneaddata_paired	1750	838226	890	410	6513	1091372	39	451	126	61	85	64	0	3	279	805	1671	3382	153	36	1212	11685	533	5131	201	227	9264	399	16508566	6374	841	438	291	724	28	58	694	8590	321293	8522	2269	8911	534	371	1633	28776	83
469016T1_TACAGGCC-CATTCGCC_S195_L003_R1_001_kneaddata_paired	1141	298013	386	169	4778	2626043	78	507	53	27	99	18	1	1	233	317	1372	1708	92	30	568	6819	303	1984	110	198	5138	196	8653933	3154	269	226	163	333	19	46	364	5153	199876	4389	751	2839	417	287	1081	30238	22
469016T2_CAGGTTCC-CGAACACC_S39_L001_R1_001_kneaddata_paired	1554	307645	623	264	7020	2654908	62	910	34	15	21	6	1	0	286	451	2056	2442	110	9	754	10607	430	2275	128	105	8437	278	10559958	4692	308	301	302	399	42	140	535	7539	244162	5799	878	2819	577	319	1608	2675	10
469017T1_GACTGGCG-GCGACTGA_S270_L004_R1_001_kneaddata_paired	579	6034718	735	61	5864	38312	6	358	65	12	13	291	0	0	335	428	404	821	169	18	1253	8090	291	640	183	237	5501	71	7182180	65572	42	138	5	17	65	35	554	3246	718560	6220	370	14225	410	360	1956	830	34
469017T2_AAGACGAA-AATAGATT_S40_L001_R1_001_kneaddata_paired	474	5798821	473	77	3488	22505	9	233	28	5	20	182	0	1	161	182	273	625	145	3	3813	4634	132	1588	113	68	4051	64	11230396	6903	241	288	64	43	19	6	404	2810	817530	3750	349	5712	257	232	980	752	9
469018T1_TGGCAGAG-GGCTCGAC_S271_L004_R1_001_kneaddata_paired	1456	435763	342	137	3328	8243371	120	355	8	5	22	79	2	0	185	104	1027	2148	217	24	488	5297	199	3311	33	126	5329	251	10399471	1488	199	70	168	388	7	5	356	6183	244147	3209	835	1330	238	138	682	2837	59
469019T1_GAAGAGGC-AAGTGCTA_S41_L001_R1_001_kneaddata_paired	609	2473135	224	179	13312	89494	32	352	24	3	4	18	0	1	4289	418	636	597	10	16	328	4089	214	819	52	121	3616	64	24839080	21319	264	271	100	43	58	18	403	3297	227448	2735	402	1861	257	108	794	1686	4
469019T2_TATTGAAT-CCGACGCA_S272_L004_R1_001_kneaddata_paired	826	556953	656	76	265297	30820	61	304	58	28	33	100	0	0	287	436	999	1574	112	20	776	6054	543	1718	109	247	4702	252	13973725	10863	113	431	270	82	61	6	569	4141	155102	5240	571	4389	387	274	1383	1504	3
469020T1_GATGGAGT-TTCCAGGC_S196_L003_R1_001_kneaddata_paired	3428	1008385	139	449	4177	7086793	180	534	78	86	14	1	0	1	356	131	1895	4122	254	73	585	7468	155	8249	37	200	9599	318	6552755	777	1487	99	571	140965	22	8	688	14902	419373	3588	1937	813	141	178	780	4884	42
469020T2_AGCTATAT-CGTTAGGA_S197_L003_R1_001_kneaddata_paired	4195	388787	410	253	6093	7895782	35	580	81	91	71	25	1	6	381	699	1694	3864	120	74	685	8764	427	3948	123	159	9750	527	8915809	4788	774	232	691	421	33	21	593	10497	316941	6048	1531	4038	296	300	1558	4549	55
469021T1_CACCACGG-CGTTGTAA_S122_L002_R1_001_kneaddata_paired	1744	2299353	802	307	6864	506972	121	407	83	45	41	56	3	11	1068	586	1567	2725	161	92	1038	10585	848	3948	160	322	2155486	338	6646973	5380	510	402	206	354	139	12	479	7285	252703	6777	1538	5915	431	314	2002	11500	39
469021T2_GCAAGACA-GCATAGAC_S198_L003_R1_001_kneaddata_paired	4273	4445462	360	451	5675	595684	213	756	110	235	13	14	2	1	521	263	1952	5507	324	51	611	9909	295	10035	51	110	23717	549	6894361	1222	1548	147	829	779	31	4	837	16838	707988	5350	2841	1333	157	349	805	6924	38
469022T1_CAACCGTG-CTCTCACG_S42_L001_R1_001_kneaddata_paired	754	203871	211	106	2466	10572469	25	204	42	17	30	7	1	1	105	257	757	974	70	7	297	3961	184	1862	26	62	80197	121	3923132	1585	178	87	113	151	8	37	283	3612	172858	2437	769	1338	178	124	589	246962	79
469022T2_ACGCCACT-GTTAACAG_S123_L002_R1_001_kneaddata_paired	3130	2173167	981	457	8330	2976006	116	655	148	73	90	58	1	2	758	742	2232	4476	171	125	1404	14401	703	7074	284	407	559859	405	7829153	8785	846	555	459	792	94	60	1051	13002	590058	9462	28428	13003	537	419	2946	145350	72
469024T1_GATGCCGG-ATCTACGA_S43_L001_R1_001_kneaddata_paired	1131	358903	205	178	3069	15122611	45	266	75	28	33	58	4	5	338	324	774	1372	93	7	388	5197	284	1943	90	96	4195	152	4944810	2041	215	185	152	183	37	17	373	4744	130638	3397	863	1820	202	174	878	61659	43
469024T2_GATTCCTT-CATAGGCA_S44_L001_R1_001_kneaddata_paired	734	66982	1486	510	7399	9831309	10	404	99	0	188	47	8	4	284	805	338	1558	28	1	697	13982	811	948	410	378	9745	189	6161760	14087	116	651	364	195	6	2	485	5204	160440	13195	753	11793	852	363	2940	2376	28
469025T1_ACGTAGTC-GCGCAGAT_S199_L003_R1_001_kneaddata_paired	929	827299	419	113	3212	6938686	95	294	48	21	67	15	7	1	740	482	990	1152	82	14	483	5707	309	1693	109	135	4140	167	3366791	3019	228	190	110	246	27	39	297	4257	179257	3502	910	2811	279	218	973	1781	43
469025T2_TAGATCGG-TTAATCAA_S200_L003_R1_001_kneaddata_paired	1408	6012892	243	320	2770	6492354	94	251	64	82	66	1	5	0	443	282	1133	1549	111	7	319	4767	286	3350	52	138	4885	278	7724031	1434	322	93	317	833	16	12	440	6063	254424	2942	1194	1456	153	335	669	3232	52
469026T1_ATACTATT-AATATAAC_S273_L004_R1_001_kneaddata_paired	1241	2663374	420	220	4824	5043179	78	546	32	38	58	61	0	1	343	335	1174	2252	55	13	674	6989	283	2385	58	167	6040	140	5514675	2570	437	130	196	239	57	51	568	6260	255779	4695	864	2275	269	213	989	2584	59
469027T1_TTGAACGC-GAGATGCC_S274_L004_R1_001_kneaddata_paired	2129	421005	564	282	4561	3005969	185	500	119	35	18	22	0	11	528	385	1437	3251	223	25	753	9369	378	4280	157	201	7622	236	11248037	3764	534	252	285	377	51	32	872	8857	289938	6179	1770	2709	269	359	1627	64552	62
469027T2_TTGGTGGC-GAGTGCCT_S201_L003_R1_001_kneaddata_paired	613	335095	199	103	1971	10979445	53	159	28	3	16	20	0	1	179	237	507	1315	61	2	374	3872	144	1282	55	74	2898	79	4745280	1619	196	78	95	97	22	8	246	2770	122204	2810	489	1282	109	142	668	1875	20
469028T1_TGGTGCAC-GGAATCAC_S45_L001_R1_001_kneaddata_paired	1046	453366	478	278	4780	11052668	41	212	27	37	70	31	1	2	403	397	935	1925	200	54	440	6831	511	2683	67	240	11801	216	3924751	3270	244	215	164	243	24	31	422	5335	297633	4917	1068	3009	235	208	1150	409561	52
469028T2_TCTTACTC-GTCACAAG_S202_L003_R1_001_kneaddata_paired	1014	720266	231	180	3338	6884279	28	144	13	37	12	16	0	5	317	170	808	1348	110	20	333	5198	220	2535	33	148	4378	171	3669583	1661	270	196	280	220	11	16	351	5184	191686	3054	793	1572	172	113	576	112956	35
469029T1_GTCGCTGT-TTATATCA_S46_L001_R1_001_kneaddata_paired	2606	351135	685	552	6505	8311971	97	605	236	74	53	38	7	8	389	539	1720	2666	134	75	731	9460	448	4070	115	182	8075	336	7048464	4229	653	539	189	309	34	48	549	8029	498368	5567	1318	3889	321	286	1308	237774	138
469029T2_TTGCCTCT-TGCGGCTA_S203_L003_R1_001_kneaddata_paired	1237	156860	520	203	4948	6575797	45	352	111	11	57	41	12	2	311	431	1265	1321	58	78	730	6938	514	2073	186	205	4888	314	10949261	5130	234	329	149	179	36	127	387	4599	286300	5291	844	3846	308	291	1294	2818	75
469030T1_AGCTTGGT-CGGCACGA_S275_L004_R1_001_kneaddata_paired	869	488823	585	144	2505	13927626	20	303	3	32	5	162	0	1	64	210	767	1243	109	6	741	4491	262	1383	114	34	5094	67	8365116	2601	151	158	88	345	15	6	442	4199	165122	4149	879	2101	81	120	757	2564	18
469030T2_ACACACCT-GGCAACTG_S124_L002_R1_001_kneaddata_paired	2246	4845871	719	687	5632	148060	14	811	11	187	1	0	0	0	1460	770	2214	4947	240	2	365	11072	296	5705	2	384	15149	279	7027480	3838	545	83	410	1761	123	7	1151	11624	309688	12422	3194	3108	71	908	1100	2979	204
469031T1_TGAAGAAT-GAAGACAG_S204_L003_R1_001_kneaddata_paired	2949	479524	831	479	8528	2013896	79	579	290	58	46	129	8	0	750	706	2804	4023	220	302	721	12482	875	6351	117	293	11032	796	9121912	5740	637	577	411	673	28	111	710	12710	394486	9959	2804	4985	283	244	2091	73648	204
469031T2_CGTAAGAG-TCGCTGAC_S47_L001_R1_001_kneaddata_paired	2407	571715	372	547	7148	687259	100	300	164	29	12	36	0	0	794	366	2439	4014	370	134	382	11316	338	7569	48	164	7956	490	9442658	2477	604	314	370	545	14	35	397	11006	386750	6713	1832	2981	126	117	1051	6717	115
469032T1_GCTATCGA-GATCTTCC_S276_L004_R1_001_kneaddata_paired	1909	7011950	379	429	4671	4738587	105	688	94	112	30	6	0	4	334	486	1465	3023	269	23	781	9556	183	6883	42	183	7755	156	5025044	1302	570	295	275	797	16	8	584	13017	591065	4873	2494	1384	163	283	634	747653	33
469032T2_GTACGTAC-AGCGACTC_S125_L002_R1_001_kneaddata_paired	1912	16582129	343	338	3781	331417	66	442	70	56	22	4	1	0	252	397	1010	2542	111	6	720	7574	160	5917	46	405	7530	105	4008253	1176	486	143	262	575	6	5	411	9065	298661	4541	2292	1192	147	147	596	128410	53
469033T1_AAGGCAAT-AATTACCA_S126_L002_R1_001_kneaddata_paired	1634	920857	1452	169	6368	2952189	593	1357	589	3	52	0	0	0	126	1731	2120	3469	570	0	907	15251	522	4317	45	659	14970	76	9026369	14747	85	156	81	644	363	312	1524	10837	256909	12182	2335	5472	334	1223	2905	1506	601
469033T2_TACTAACG-CAAGTAAT_S277_L004_R1_001_kneaddata_paired	1499	1295602	744	206	4466	5316909	176	836	143	30	39	11	2	0	165	921	1494	2467	367	11	951	9775	261	3135	36	279	10103	57	6272476	5340	190	108	167	313	185	88	942	7036	209228	7418	1940	2825	251	864	1033	3462	199
469034T1_TAATTGAC-GCATTGCA_S278_L004_R1_001_kneaddata_paired	137	7768	64	14	1094	12216987	3	67	17	0	4	17	0	0	6	55	113	162	9	6	91	1590	52	136	24	19	1105	14	2395215	3682	23	47	34	21	6	2	82	577	835047	1531	156	1393	109	32	206	414	6
469034T2_ACACTAAC-ACAGTGAA_S127_L002_R1_001_kneaddata_paired	1738	2398352	354	275	4620	4581973	77	471	57	91	19	18	1	0	239	334	1066	2436	164	34	576	7041	336	3371	128	179	6445	231	5726023	2675	403	219	303	486	25	15	479	7359	721148	4748	2048	2551	196	183	931	4344098	67
469035T1_GAATGCTC-GTCTAACA_S48_L001_R1_001_kneaddata_paired	1307	1424952	784	486	7424	1238564	40	552	93	6	65	134	2	1	624	383	641	1964	187	13	1336	8486	476	3827	160	116	10115	174	7287475	5854	171	214	117	246	21	4	452	8288	387296	6817	2044	5681	572	488	1667	2445	13
469035T2_CGAACGGA-CCTACCGG_S49_L001_R1_001_kneaddata_paired	1467	568639	964	614	7601	536665	30	607	268	25	48	81	1	4	318	604	1102	1863	138	17	1397	10677	561	2986	144	348	9157	161	8241948	7365	215	354	203	379	13	7	512	7693	254567	8219	1759	7955	419	516	2165	2585	28
469036T1_TAAGTGTG-CCAGTCAC_S279_L004_R1_001_kneaddata_paired	4836	1770612	1104	676	9430	2458309	234	1036	122	107	73	63	0	0	682	701	3369	6385	239	130	1167	15657	612	8675	264	357	39779	681	7490132	6235	1235	370	546	14025	79	44	1232	17312	512538	11809	3476	6668	488	511	2561	395939	247
469037T1_TTGCAGTA-AGCCAACA_S205_L003_R1_001_kneaddata_paired	911	191801	263	181	4346	11441141	20	137	37	13	8	11	0	1	200	262	823	1238	35	14	384	5370	222	1448	56	169	4063	145	5571274	1802	90	128	226	207	21	5	372	3799	130042	3556	928	1805	183	151	762	10338	26
469037T2_TAGCCGAT-CCAATACT_S128_L002_R1_001_kneaddata_paired	658	286259	385	153	3307	9666968	18	161	52	5	24	25	0	0	137	271	684	986	37	12	469	5143	294	1034	86	158	3385	133	6805064	2577	63	120	134	207	23	17	367	2920	111648	3490	884	2508	208	144	794	1458	49
469038T1_TTAGGTTG-GACGATTG_S206_L003_R1_001_kneaddata_paired	1245	1851239	355	221	4175	3775605	84	384	84	7	12	51	3	0	375	270	1238	1898	123	65	617	6648	306	2818	116	111	5451	225	8220615	2843	309	296	155	183	18	72	364	5349	299114	4852	1036	2897	196	215	984	2924	98
469038T2_ATCGTGGA-GGCCGTTG_S207_L003_R1_001_kneaddata_paired	1689	828838	344	265	3361	9815867	62	343	117	41	57	13	0	1	736	355	1080	4611	157	39	578	6973	353	3453	103	248	6116	278	5544337	2469	401	218	253	412	15	14	535	6598	224406	5760	1484	1712	203	304	1112	4004	54
469039T1_ATGTGGCA-GACCATGA_S129_L002_R1_001_kneaddata_paired	1305	848096	334	316	3786	8313732	61	427	65	28	63	14	0	1	717	400	1151	2425	87	31	550	7081	374	3221	86	88	5464	223	3195828	13398	526	114	234	282	43	80	518	6307	597585	6684	1439	3062	189	218	1187	3511	195
469039T2_AGCCACAG-AGGAACCA_S208_L003_R1_001_kneaddata_paired	1466	370371	419	155	4052	15016564	100	391	62	58	55	26	1	1	355	330	1029	2014	164	16	491	6867	289	3224	78	91	6018	208	7530086	2672	408	198	195	176	8	9	440	6483	233145	5342	1308	1875	215	258	1087	2413	99
469040T1_ACGCGATC-GGTGTTGC_S130_L002_R1_001_kneaddata_paired	178	69113	168	20	1193	1657636	7	153	23	6	8	19	1	0	50	152	241	412	13	2	206	2148	195	399	49	92	1568	59	1961915	9926	46	97	32	26	28	4	121	1222	8721167	1536	173	703	173	43	363	677	1
469041T1_TATCACAA-GCCTCATT_S280_L004_R1_001_kneaddata_paired	950	8281150	246	503	4861	61307	0	216	66	5	12	0	0	0	145	262	779	2352	23	5	521	11969	168	6449	55	151	8805	268	1883789	2741	355	53	103	692	146	266	671	6334	278845	3522	1350	3849	114	268	1051	1305	19
469041T2_TGCTTGTC-GTGTCTCA_S209_L003_R1_001_kneaddata_paired	3599	6210612	945	1837	6415	52724	114	752	168	248	4	10	0	0	124	1202	2530	7667	191	5	949	11603	566	8503	56	323	16668	394	4195251	3989	1484	208	892	2366	77	281	1492	18082	487329	9427	3061	3005	237	798	1836	3863	72
469042T1_TGCGTACA-TTCTCATA_S50_L001_R1_001_kneaddata_paired	3936	2999302	377	836	7136	487844	82	918	182	19	1	2	0	0	1323	453	3868	8575	312	251	1976	13294	320	17422	11	210	17729	610	8138583	1726	2135	20	667	759	10	2	2478	26729	845711	6704	4620	1014	79	157	627	9374	22
469043T1_AGTTGGCT-GGCACTCC_S281_L004_R1_001_kneaddata_paired	2180	4481101	495	268	4784	4229951	172	359	76	51	13	68	0	0	290	490	1481	3002	175	87	607	7507	270	4141	47	330	7457	430	7921202	2485	434	121	254	458	8	9	528	9237	304228	5664	1335	2249	223	227	1109	1014302	32
469044T1_CTTATGAA-GCCAATGT_S51_L001_R1_001_kneaddata_paired	573	180173	166	108	2413	10195354	35	206	64	18	50	3	1	2	127	143	435	941	114	4	274	3353	89	1808	42	88	2628	75	5163151	1886	111	43	103	207	35	22	147	2862	143366	2253	632	2481	148	180	658	1629	37
469044T2_ACATCACC-GTTCTGGA_S282_L004_R1_001_kneaddata_paired	6534	2266828	388	2314	9523	326470	64	749	129	449	76	1	1	1	490	799	5063	12496	275	27	590	13338	474	16358	38	127	28179	963	9228136	942	2161	68	1506	4874	83	29	1895	31056	809947	9556	5430	1217	199	911	1394	8883	77
469045T1_TCTAGAGA-GGTTCTTG_S283_L004_R1_001_kneaddata_paired	1464	418396	431	297	3947	11190105	62	442	144	54	47	13	2	2	143	469	1453	3582	125	13	527	7005	317	3933	30	177	6479	256	4698875	2118	443	212	205	393	32	26	477	7882	288447	5138	11785	2625	313	210	923	129277	92
469045T2_TGAGTCAG-CCGAACTT_S52_L001_R1_001_kneaddata_paired	659	371199	274	114	2592	11909065	62	139	40	20	30	20	5	0	87	314	681	1873	53	14	360	3998	219	1442	36	131	3043	68	5523604	2106	95	122	95	127	33	26	361	3312	193502	3073	1444	2768	154	197	699	12750	71
469046T1_AGTCCGAC-GCTTCACA_S284_L004_R1_001_kneaddata_paired	5534	5534767	842	1135	7932	1009710	527	689	237	124	39	3	3	2	875	308	2259	8846	757	43	1060	18676	382	17535	35	316	13846	649	6335982	2397	1176	159	605	1513	105	22	1403	25555	742949	9330	5015	2687	533	771	1367	11118	59
469046T2_CAACTGCT-AGTAGTAT_S53_L001_R1_001_kneaddata_paired	1200	269536	298	216	4634	10709067	116	292	45	33	19	23	1	0	121	302	1159	1707	145	26	590	6315	325	2859	35	140	5082	245	7218434	2210	394	163	178	281	46	7	353	5698	254763	3709	1079	2057	221	235	822	3772	91
469048T1_AGGATATT-GCTGTCTC_S285_L004_R1_001_kneaddata_paired	720	384070	287	122	3555	17823733	24	184	19	7	7	38	1	0	132	191	413	938	50	33	307	3413	168	1517	26	64	3413	167	4114812	1329	137	92	110	117	27	35	155	2813	217018	2364	441	1553	95	120	537	1833	21
469048T2_AAGCAGAC-GCTAAGAA_S286_L004_R1_001_kneaddata_paired	1888	839833	454	265	4574	1378529	25	431	78	11	52	77	1	0	300	386	902	2443	193	83	877	7569	320	3512	58	139	7175	420	9441053	3547	386	179	191	262	85	10	351	5959	293905	6834	1051	3759	384	251	1370	3991	18
469049T1_TATAAGAC-CTTACATG_S287_L004_R1_001_kneaddata_paired	2488	2889231	480	375	9089	863673	161	921	31	24	27	69	4	4	830	390	2430	7174	245	39	1524	12663	825	5996	354	112	13411	829	4248616	5868	447	1129	514	1255	29	19	872	11261	414153	10508	3558	6374	359	850	2177	26996	478
469049T2_ATAGGCCA-CAACATAC_S288_L004_R1_001_kneaddata_paired	2507	1869673	637	509	9822	505339	82	1079	22	28	36	111	0	0	828	511	2800	8299	420	40	1978	14882	918	6613	390	135	14949	1048	5617833	7174	432	1509	694	1564	15	45	1053	13012	465792	13825	3524	7674	376	810	2186	5498	515
469050T1_GAATTACG-CAAGGAGA_S210_L003_R1_001_kneaddata_paired	1714	1138936	323	152	4676	7277595	60	321	181	54	14	96	0	3	336	222	1213	1742	97	132	337	6310	535	3249	32	96	8079	547	4100366	2599	413	344	200	255	23	110	339	6236	207229	4584	1852	2517	194	146	631	460962	149
469050T2_CTGGAAGC-GGTGCAGA_S54_L001_R1_001_kneaddata_paired	3642	1123439	742	332	9610	2575513	83	748	453	89	31	244	1	6	849	446	2349	3727	227	345	547	12211	1187	6768	59	245	22826	1363	4120202	5343	746	721	394	475	28	315	612	12915	411676	10035	3637	5347	231	272	1058	819474	354
469051HC_TGGTGTCT-TTCATCTG_S131_L002_R1_001_kneaddata_paired	1939	2042604	720	286	6107	1912414	175	385	60	31	42	49	0	2	247	725	1722	2929	173	46	786	10473	543	3466	110	311	7939	322	9700978	5124	268	291	355	676	53	101	655	8198	347388	7761	1427	3870	336	277	1818	2964	68
469052HC_GATAGGAT-GTCGGATA_S289_L004_R1_001_kneaddata_paired	2507	660703	567	485	6463	1778844	172	743	135	109	42	22	1	2	470	575	2019	3744	193	31	695	9504	469	6340	62	296	9422	345	7723868	2891	695	280	370	1026	34	13	653	11207	576958	6567	2336	2999	313	380	1291	270231	85
469053HC_TTGGAATT-AACTGGAA_S290_L004_R1_001_kneaddata_paired	3215	549739	978	641	10516	3341868	86	910	234	78	99	111	5	15	643	891	2940	5241	221	193	1359	16470	1364	7498	166	594	255995	538	10362136	8174	869	469	445	796	72	136	906	14419	461290	11719	3121	7742	555	448	2690	73608	219
469054HC_TTAGAGTC-TGTGACGA_S132_L002_R1_001_kneaddata_paired	777	171959	442	191	3292	6832381	26	290	46	11	26	34	3	1	223	486	1071	1742	45	45	494	5884	265	1352	80	120	4937	139	8035658	3865	125	95	144	425	8	14	372	4097	266043	4415	656	3313	299	206	1097	292178	48
469055HC_TCTATCAG-CAGTAACC_S55_L001_R1_001_kneaddata_paired	2856	4579847	833	389	7273	557843	79	668	151	69	18	115	5	0	631	521	1523	3218	257	101	1211	11900	867	5940	281	258	11453	388	5934912	8537	940	372	314	564	24	115	589	10094	380381	7434	2097	11955	397	376	1896	315409	129
469056HC_TTCAGAAC-TTACGCCG_S133_L002_R1_001_kneaddata_paired	2442	565674	921	407	8010	4412577	102	505	175	105	86	100	9	0	1151	763	1827	3778	190	63	1124	13315	561	5580	239	325	10865	488	9830825	7258	635	325	327	489	43	92	925	11020	372824	8662	2031	7933	574	540	2183	30443	93
469057HC_AAGTCGTG-AATTATGC_S134_L002_R1_001_kneaddata_paired	1867	692431	622	301	6739	4454339	103	404	130	50	31	62	1	0	525	526	1769	2906	169	49	740	10639	492	3763	140	365	8056	400	8149825	4770	416	306	230	404	28	40	504	8261	279785	6159	1937	4807	314	324	1542	301673	120
469058HC_GGAAGGTA-GTAGTATC_S135_L002_R1_001_kneaddata_paired	2039	815764	807	587	8947	1429961	155	696	212	29	47	125	1	0	917	621	2069	3178	297	125	1157	12839	733	5018	148	504	111696	557	9107091	7680	499	634	295	357	19	103	676	8828	506703	9197	1872	11712	347	481	1831	175143	100
469059HC_ATATATAC-AATGCTTG_S211_L003_R1_001_kneaddata_paired	1579	517936	562	237	5768	1703125	100	521	76	47	103	51	0	2	537	479	1529	2501	123	91	771	8047	397	4045	124	124	8087	291	8212266	5079	545	270	196	272	36	57	460	7808	310209	6205	1885	4607	294	194	1464	176500	59
469060HC_TGTCTAAC-GCCAGCCG_S136_L002_R1_001_kneaddata_paired	2170	3324467	335	356	5184	931223	117	631	104	20	22	40	2	4	493	301	1297	2457	128	71	746	8160	340	5291	124	137	14930	354	10681507	3257	437	233	273	339	21	33	382	9050	296915	4883	1272	3404	268	205	1278	9977	40
469062HC_TGGTCATT-GCAGATGG_S56_L001_R1_001_kneaddata_paired	2281	1504512	543	391	6450	3320381	83	445	70	84	10	19	1	18	662	567	1651	3345	132	149	972	10944	448	4902	96	277	10159	334	10826453	4918	680	449	278	385	22	30	557	10311	341620	6463	1487	6485	617	342	1663	32519	54
469063HC_ACTCCTCC-GGTGAGAT_S212_L003_R1_001_kneaddata_paired	1447	659352	796	246	5383	959800	154	456	58	23	54	48	2	1	443	535	1206	2610	106	24	1067	7826	465	2898	206	384	7331	281	11341285	5646	525	378	163	327	28	24	533	6397	209295	6160	978	6049	428	257	1569	101380	54
469064HC_TCCAGGTA-GCTCCAGT_S213_L003_R1_001_kneaddata_paired	2505	1498247	898	396	7400	4411547	117	595	141	111	54	61	5	6	498	720	2005	3213	121	104	874	10970	763	4365	162	347	50013	442	7338290	6732	560	432	268	9961	73	88	679	10262	420911	8227	1682	9111	472	460	2006	5382	176
469065HC_AGGCCTGA-CTCGGTCA_S291_L004_R1_001_kneaddata_paired	1865	649859	704	254	7638	3418346	57	684	66	47	51	31	2	0	855	609	1698	4700	150	72	1129	9460	625	3638	160	131	9461	667	8803193	5873	403	474	272	525	38	76	615	8384	290691	7784	1756	5391	323	297	1921	38194	118
469066HC_AAGTGTAT-AATTAATG_S137_L002_R1_001_kneaddata_paired	2580	909568	657	331	6984	3332817	127	626	160	77	51	27	7	2	521	666	1621	4949	250	135	1047	11647	485	5691	207	191	10880	445	11919676	21302	686	405	393	382	41	13	609	10685	700103	8737	2254	4396	453	477	1797	662296	54
469067HC_GTTCTACT-GTAGCCAC_S214_L003_R1_001_kneaddata_paired	2011	16112046	285	378	4370	70563	96	612	53	97	22	0	163	7	919	215	767	3205	36	11	1332	6032	151	6589	13	125	10893	202	3289578	1433	1139	108	122	439	13	104	594	12527	2349847	4225	1081	1929	847	252	700	5500	26
469068HC_CGGATAAC-GCCGAACG_S57_L001_R1_001_kneaddata_paired	2258	7294606	604	439	5845	1600643	73	495	125	64	39	21	5	1	388	568	1817	3637	170	30	1219	9433	716	5882	142	256	8439	313	4717500	7150	459	329	426	603	82	38	544	9407	373645	6761	21335	9569	377	352	1801	226412	60
469069HC_CGTATTGG-GGTATCTT_S58_L001_R1_001_kneaddata_paired	1207	859797	494	289	4838	1816378	60	285	141	66	28	57	12	4	490	493	1155	2278	190	80	774	8187	374	3015	139	144	5877	141	9739407	3886	232	226	202	282	14	9	561	6186	215242	5477	1289	3313	278	181	1368	6086	132
469070HC_TTGGTCCG-TTAACACT_S138_L002_R1_001_kneaddata_paired	3248	1774353	485	415	7316	2013361	99	733	188	47	72	62	7	2	769	598	2266	7677	240	172	904	11062	567	6457	110	174	39478	508	6616697	5063	607	378	484	676	53	77	546	11828	708457	7474	2351	6481	381	346	1840	7397	82
469071HC_CTGCAACG-GACATTCG_S139_L002_R1_001_kneaddata_paired	3386	1968336	1054	453	9715	592414	139	724	125	33	65	79	2	3	1505	601	2222	5303	283	196	1289	15165	598	9124	222	332	13829	713	6349060	8158	920	521	730	1153	36	32	698	15359	524447	9741	2395	11347	484	293	2404	10625	65
469072HC_GGTGTCCG-CAGCGTCT_S140_L002_R1_001_kneaddata_paired	1833	3540550	307	272	4914	2729624	88	464	110	19	25	70	7	3	474	363	1202	2582	167	136	481	7357	590	3583	51	159	6949	349	8436263	3462	409	326	276	313	20	20	304	6986	253375	5835	1237	3226	240	183	1040	3785	104
469073HC_AAGAGAGC-CAGCCAGT_S59_L001_R1_001_kneaddata_paired	2968	1472272	440	464	6887	2828661	104	801	127	53	61	71	1	0	776	548	1812	4904	255	188	872	9798	474	7345	71	112	11453	654	7136555	4233	837	329	549	782	32	77	616	12704	408563	6539	2295	4412	403	276	1662	94976	99
469074HC_ACCAACAT-GACGGTCC_S215_L003_R1_001_kneaddata_paired	2460	302849	476	432	5851	5686742	88	516	115	44	18	41	3	4	419	423	1775	3412	159	65	573	9588	442	5026	128	165	204206	274	7984194	3350	566	309	333	478	54	42	673	9896	398569	5972	1975	3488	318	228	1230	20664	98
469075HC_TCGTACCG-GGAAGTGG_S216_L003_R1_001_kneaddata_paired	2063	538865	316	645	6546	2928124	84	334	92	35	7	24	2	0	754	332	1811	3324	308	32	388	11414	291	5951	31	194	6774	342	8923230	3585	691	147	231	365	13	9	497	9399	337529	5276	1266	2822	208	186	1141	497449	88
469076HC_AAGTAAGT-AATAGTCC_S60_L001_R1_001_kneaddata_paired	2870	3199694	108	339	4250	1742788	62	1515	35	317	16	1	9	4	168	327	2687	3236	247	5	554	9592	267	8203	16	312	6904	221	16030509	1482	1083	68	1209	1412	7	5	1041	16739	427054	4598	1448	985	79	184	1135	1685845	292
469077HC_TACATAGA-CAGGCATA_S141_L002_R1_001_kneaddata_paired	2705	821178	1090	443	5595	762768	91	653	172	12	63	33	0	0	994	796	2236	5126	176	308	1154	9942	579	6472	65	541	9685	871	6927380	3379	860	236	176	1303	105	10	901	11293	382377	7078	2167	2802	314	233	1667	5756	13
469078HC_ACTAGCTC-CGAGAGTG_S217_L003_R1_001_kneaddata_paired	5501	4227166	892	749	9182	632220	150	921	256	57	44	33	2	3	1055	721	3581	6735	260	120	1302	14223	713	10489	126	371	536846	426	6518562	6657	1446	319	704	2134	70	38	891	19061	1052555	8350	3976	8085	348	341	2007	8197	130
469079HC_TACTCCTG-GCGTGTCC_S292_L004_R1_001_kneaddata_paired	2205	2278504	474	649	8155	1181305	114	537	183	23	27	83	0	0	804	588	1859	3563	221	94	893	12679	712	6006	196	230	9890	361	9054774	6208	630	449	308	441	49	92	744	10174	362103	8582	1719	7128	255	322	2077	13919	85
469080HC_AGTCAATT-GCACGGTC_S293_L004_R1_001_kneaddata_paired	4996	14788370	305	901	8002	101759	102	1089	209	48	17	37	3	0	2989	211	2761	6949	652	231	837	15161	394	15633	36	147	16132	690	6255206	1507	2037	393	882	474	3	25	714	21822	732964	7598	3654	2297	294	272	1275	9455	59
469101T1_TGTTAACA-TTCAGTGA_S142_L002_R1_001_kneaddata_paired	1687	2073894	270	328	4282	6595500	89	359	60	36	27	21	10	0	336	334	1581	2694	96	22	651	6581	311	3979	60	155	6397	230	4763579	1767	540	162	235	449	35	58	473	7779	261953	4385	1396	1846	191	178	1141	4644	43
469101T2_GATGCGTC-GAGGCTGC_S61_L001_R1_001_kneaddata_paired	1560	2443584	161	341	3237	6877164	75	305	58	65	37	1	5	0	208	132	957	2695	110	61	460	5826	189	4706	31	81	7139	206	3444617	1009	684	84	249	654	10	17	408	7971	283660	2945	1488	1570	174	156	679	4152	32
469103T1_ATAGAATA-CAACGACC_S294_L004_R1_001_kneaddata_paired	3080	2110384	891	478	8218	5308591	92	738	214	101	15	10	1	2	1052	989	2365	4706	239	296	1100	12572	514	7785	99	347	13512	644	5602173	5831	912	457	752	937	268	25	635	13555	489259	8870	3485	7640	367	354	1490	159755	122
469103T2_TCAACGAG-CGTCAACC_S62_L001_R1_001_kneaddata_paired	1295	4218437	63	281	2924	5004616	65	848	33	76	2	1	1	0	1812	139	688	1921	135	6	242	4183	63	4233	20	23	6235	103	9614503	761	427	14	170	660	13	2	267	5728	1258446	1638	785	630	104	175	233	2762	9
469104T1_GGCGAGGA-CACTTGTT_S218_L003_R1_001_kneaddata_paired	2838	1073440	698	435	6514	7243632	107	425	170	71	88	27	1	4	289	685	1874	3883	160	98	866	10625	540	6236	130	397	382308	365	5402511	4527	870	227	342	645	73	45	653	11136	369227	7848	2381	4774	306	355	1581	150662	145
469104T2_ACGAGCCT-GCTCAGCG_S143_L002_R1_001_kneaddata_paired	2698	1908192	914	629	8106	3171990	251	852	138	52	42	29	12	4	497	687	2362	4075	158	97	1117	12022	762	5373	184	547	73365	520	8075696	5208	598	652	364	898	27	34	979	11786	500458	8457	1923	5370	406	491	1823	20436	70
469105T1_GAAGTCTT-ACTACGGT_S63_L001_R1_001_kneaddata_paired	1066	23582862	503	403	3328	171851	60	306	80	36	10	16	0	7	816	344	702	1489	43	2	346	5750	166	1861	93	175	4772	103	3470024	5694	268	246	189	502	68	16	298	4657	608696	4445	825	3353	339	206	1002	1250	40
469106T1_AGCGCTCG-CGGCTTGT_S295_L004_R1_001_kneaddata_paired	1887	140679	784	388	10360	881576	250	824	234	30	74	93	3	5	378	901	1881	2974	161	8	1206	14925	814	3904	204	216	9817	165	8629640	107888	311	739	441	646	33	81	709	9604	1383095	9396	1513	16034	651	574	2558	4239	168
469106T2_ATATTACA-AATGCGCA_S219_L003_R1_001_kneaddata_paired	1559	2907572	646	247	6672	105686	79	477	92	23	80	71	0	1	334	599	2003	2720	102	35	850	10519	647	3078	143	202	8549	177	10370954	6324	268	257	349	332	48	23	862	8389	290855	7753	1239	5155	409	428	2204	3599	101
469107T1_TCTTAAGT-CGCTGAAT_S144_L002_R1_001_kneaddata_paired	3717	849171	780	555	8263	2329532	87	1057	343	166	33	143	3	4	891	558	2788	5699	247	143	939	14272	1207	9069	192	418	23364	628	3484694	4747	807	637	739	1367	58	160	950	15663	628942	12609	3640	6944	352	616	1838	427702	198
469108T1_TCGGATGT-CTGCGGAT_S64_L001_R1_001_kneaddata_paired	1631	2763605	775	250	6897	2568205	104	10157	138	26	104	105	0	10	301	496	988	2282	163	56	2267	11986	508	3319	177	232	13207	120	7199867	7414	292	309	189	308	48	8	818	7071	772422	8251	1232	8790	664	287	1943	29682	41
469108T2_AAGTCTCC-AGCCTGTA_S145_L002_R1_001_kneaddata_paired	404	131511	112	70	2109	10496365	29	96	42	4	12	13	0	2	75	186	510	694	29	32	240	3185	159	883	29	49	3398	121	2246460	1189	135	98	49	84	14	17	151	2099	2218146	1818	367	5357	110	63	340	1785	33
469109T1_ACCTGACT-GACTTATA_S220_L003_R1_001_kneaddata_paired	1705	3364415	335	317	4372	3839430	75	448	85	32	43	18	1	1	478	227	1235	3231	232	111	360	7166	307	4627	69	113	6155	252	5936884	2906	390	187	319	533	14	22	451	7139	375258	5872	1213	3450	335	161	990	2694	57
469109T2_CTTGCTAT-GAAGGAAC_S146_L002_R1_001_kneaddata_paired	2561	1650961	588	368	7171	3625433	82	458	65	96	12	22	1	22	770	635	1715	3617	110	148	1035	12191	483	5478	91	321	10669	424	12423378	5410	704	422	275	392	20	27	649	11253	371847	7131	1679	7011	685	366	1787	35376	65
469110T1_AGGACCTC-GCTGCCAA_S296_L004_R1_001_kneaddata_paired	3962	3120822	746	342	8937	2765707	170	1210	117	179	80	53	5	8	932	801	2346	5252	215	92	1591	14530	780	6955	275	247	13398	521	4695875	8782	931	482	651	947	55	114	813	14473	717386	9493	2250	10758	522	545	2080	438702	265
469110T2_GGACAACG-TGATGGCC_S65_L001_R1_001_kneaddata_paired	1536	498722	352	221	3681	8921835	133	369	62	75	67	1	7	4	202	278	1214	2030	137	40	565	7323	225	4103	41	138	5774	327	5429498	1888	441	139	187	410	23	9	401	6653	269182	4142	1367	2178	287	380	843	3532	24
469112T1_TATGCGGT-TAGGTGCT_S221_L003_R1_001_kneaddata_paired	762	1940915	224	168	3562	11498738	42	104	48	30	5	28	1	1	145	222	495	1170	77	7	401	4067	202	1371	46	112	3629	140	8233709	6948	234	134	155	262	39	8	259	2960	1035831	2789	4444	3888	124	184	521	1653	46
469112T2_GTTGGTAG-TGGAACAT_S297_L004_R1_001_kneaddata_paired	985	8472704	589	144	4027	4000504	68	261	56	23	55	109	0	1	164	439	810	1310	113	32	657	7067	322	1898	173	185	5441	132	8195884	5521	190	195	131	264	22	53	492	4039	177436	4891	1871	6274	425	204	1136	2094	78
469113T1_TAGCGTTG-GTGTGAAC_S147_L002_R1_001_kneaddata_paired	510	244788	237	103	2810	13288337	21	149	44	13	24	29	2	0	154	264	738	1668	40	16	305	3551	161	1336	62	94	3008	132	2502839	1526	176	131	62	166	10	6	234	3396	141832	3619	453	1946	137	80	609	1206	11
469113T2_TAATAGGA-CTAACCAG_S222_L003_R1_001_kneaddata_paired	1021	1045264	532	426	3466	2362475	75	417	106	23	37	57	3	2	132	353	716	1702	109	17	595	6346	287	1971	63	431	4832	116	5265916	2806	282	253	88	228	39	5	312	4827	172956	7459	978	5209	388	311	1211	1637	36
701T1_ACATATGT-GATCGCAG_S298_L004_R1_001_kneaddata_paired	6206	10912577	695	941	8328	1800023	219	1129	272	282	34	4	3	3	764	554	5358	8401	624	77	908	14762	500	15316	121	246	18016	720	4258187	1946	2101	203	785	1550	32	12	1502	23756	826731	8960	4774	2381	305	540	1454	1434752	164
702T1_TCGGCACC-CCAACGTC_S66_L001_R1_001_kneaddata_paired	1956	5650203	459	505	4011	3307201	95	130	301	18	55	122	0	1	1003	258	1557	3807	271	33	280	6923	260	7378	20	132	6212	285	7730132	1289	598	92	569	700	209	1	514	9361	354047	4091	1938	1360	363	157	658	4417	156
703T1_CCACAATG-CGTTGACG_S67_L001_R1_001_kneaddata_paired	1109	793189	445	199	4374	4552370	12	293	125	38	19	83	6	4	219	482	1076	1958	91	77	814	7122	436	2409	72	275	5675	200	7883396	4387	200	193	202	332	23	12	466	5282	247770	5346	1119	3539	213	211	1175	1033941	62
704T1_AATCGTTA-AATAACGT_S68_L001_R1_001_kneaddata_paired	4217	715009	510	430	14530	3778925	69	915	177	86	32	10	1	2	1329	348	3867	7058	362	131	1002	15372	719	9072	313	103	13816	800	4244143	3470	449	841	554	857	14	7	1051	18115	567572	12080	5027	3517	216	550	1428	1316650	238
705T1_TCACCAAT-CACGGCGC_S69_L001_R1_001_kneaddata_paired	3062	1216556	1065	513	7564	3476386	373	748	170	44	20	91	9	3	432	700	2203	5298	262	47	1583	13583	1184	7814	146	742	110776	574	4316244	8372	733	374	421	646	45	128	1072	12369	421276	10770	60323	11300	439	775	2153	3148789	61
706T1_TAAGATTA-CGCAGGCT_S299_L004_R1_001_kneaddata_paired	2544	679342	604	692	9206	924537	66	570	138	29	62	26	5	3	578	550	1944	3724	247	60	812	13545	536	6498	167	340	9043	452	11783018	6179	682	234	267	763	40	19	575	10441	364931	8153	1711	6907	337	428	1685	441004	75
706T2_TGAGGCGC-GGAGACCA_S70_L001_R1_001_kneaddata_paired	4979	1927941	322	879	9915	2626310	263	720	194	117	99	1	16	1	514	408	3999	5856	441	50	841	14454	220	13139	28	130	12883	535	8625934	951	1350	172	642	1176	2	8	961	20033	685768	6820	3299	1477	156	347	880	415346	103
707T1_TATACATC-AATCTGAA_S223_L003_R1_001_kneaddata_paired	1530	769584	318	245	3419	5449229	68	328	58	40	32	29	0	0	389	205	1073	3189	92	74	391	5618	349	2991	54	264	5290	205	4776791	1962	428	190	185	414	2	19	426	6027	212931	3651	1253	1828	162	234	923	416002	87
708T1_GATCAACA-CTATGTTA_S71_L001_R1_001_kneaddata_paired	2309	2710226	395	382	4275	1160321	120	391	93	84	13	6	5	1	184	922	1631	3752	136	10	518	7387	253	4932	41	226	8872	270	9013133	2053	824	191	351	898	69	11	711	9353	405452	5674	2397	1897	328	381	838	482612	35
708T2_CTCATCAC-GGTGGCAC_S148_L002_R1_001_kneaddata_paired	1333	536783	205	345	3306	9620689	124	189	25	12	16	5	1	2	224	743	1233	1728	104	49	336	5169	196	2856	20	212	4800	183	4450787	1159	241	179	254	275	21	10	380	5116	205322	3685	1080	1197	132	178	535	395483	12
709T1_AGCAGAGA-GCCATAAT_S224_L003_R1_001_kneaddata_paired	1961	1323330	584	502	3789	227718	22	404	66	45	17	15	14	11	331	419	1318	2705	159	46	810	8029	257	3910	95	111	7084	190	7638312	2914	501	321	390	326	8	9	369	7276	323874	4105	1611	2955	467	105	969	820976	6
710T1_ATATAAGG-GGTCATGT_S300_L004_R1_001_kneaddata_paired	4147	7753892	686	291	7035	708868	109	644	149	139	35	166	2	2	974	396	1665	3622	225	159	973	11101	607	5301	182	179	10300	685	5302995	6501	1151	629	563	401	76	165	787	11785	367990	8859	2458	5516	355	368	1809	4996	103
711T1_TATGGTTC-CACCGGTA_S225_L003_R1_001_kneaddata_paired	388	75162	219	70	3371	11118124	31	148	32	2	13	17	1	1	95	164	597	553	27	29	289	3660	190	729	57	67	3644	138	2919373	1725	102	98	42	196	21	24	150	2003	1314130	2005	357	4045	161	73	491	1968	27
711T2_CGATTATC-GAGTTGAT_S72_L001_R1_001_kneaddata_paired	311	59055	255	66	3516	10328418	30	109	37	3	12	12	2	0	82	190	493	513	27	49	307	3353	167	636	81	68	3396	87	2990040	1856	75	103	51	88	14	22	139	1693	839510	1920	276	3231	153	80	508	1209	18
712T1_CACAGTAA-CACTAGAG_S73_L001_R1_001_kneaddata_paired	1533	436686	491	409	5478	8321161	80	425	105	56	53	28	22	1	187	383	1413	3174	176	57	713	8003	423	5170	113	175	7711	151	4326711	3356	361	160	324	485	18	35	635	9116	313621	6705	133716	3015	259	301	959	108244	71
713T1_TACAACTA-CCGGTCTG_S301_L004_R1_001_kneaddata_paired	1446	4086520	465	249	3076	7797729	71	395	99	48	18	3	0	0	93	278	810	2120	120	85	450	5221	212	3956	21	214	5326	169	11133280	976	376	63	177	443	12	5	439	7451	1041106	6439	2433	1282	69	367	513	2494	46
714T1_TGCTGAGG-CGCAACGT_S149_L002_R1_001_kneaddata_paired	938	10666091	233	390	3115	241654	76	456	34	60	18	3	2	1	2115	99	722	3013	132	11	458	4827	318	3807	37	73	4686	212	6863934	1643	255	216	296	420	169	3	382	5203	545350	3713	2111	2357	71	140	636	1475345	114
715T1_TGCATTGC-GTCCTGTT_S150_L002_R1_001_kneaddata_paired	2399	6004726	394	676	4080	270194	148	341	107	17	6	10	0	2	1105	213	1511	3775	200	140	368	6817	284	5682	55	195	8522	217	6143004	2101	618	250	288	417	0	0	497	9438	307050	4040	1606	2585	317	166	1275	5705	30
717T1_GAACTTAT-AGATACGC_S74_L001_R1_001_kneaddata_paired	3359	659930	1707	645	9345	4322554	229	829	112	89	82	117	7	4	547	858	2690	5530	211	62	1901	16332	850	7410	427	732	15908	530	6590360	12585	806	345	742	66108	66	54	1271	13207	515891	11832	3632	14706	881	721	3445	781024	87
718T1_GTGTTGTA-CTGTACAA_S151_L002_R1_001_kneaddata_paired	682	944375	268	178	2962	11878034	81	402	60	23	25	15	4	29	196	413	742	1153	90	8	399	4869	249	1509	63	144	3927	73	4284292	2119	107	122	214	139	36	16	474	3464	299002	3075	785	2341	134	222	669	1702	34
719T1_ATAAGGCT-AATGTGGC_S226_L003_R1_001_kneaddata_paired	3621	790037	1044	550	8584	4569730	119	416	304	114	68	26	4	2	306	859	2719	5147	240	87	1330	13471	521	8865	89	232	17644	275	5112565	5831	887	283	557	639	60	29	710	14132	437426	9865	3925	6595	464	567	2099	10436	161
720T1_CGTACGTT-AGGATTAG_S227_L003_R1_001_kneaddata_paired	960	357776	596	81	4863	6233885	72	437	95	0	31	30	0	0	116	505	924	977	67	35	516	7271	534	733	79	154	5621	105	5844081	7842	185	226	195	141	75	21	423	5158	2505937	5504	800	7332	330	348	1555	1459	33
720T2_GTACAGCT-TGATCGGT_S75_L001_R1_001_kneaddata_paired	1116	1291831	612	256	7313	605147	91	923	103	15	61	40	4	0	194	498	1037	1713	96	37	680	8512	505	1542	119	259	6960	132	11364779	7308	234	257	170	412	71	8	612	5754	1255751	6379	1024	8562	386	428	2071	1640	28
721T1_CTACGAAG-CTCGACAG_S76_L001_R1_001_kneaddata_paired	1453	1008057	477	460	6028	6207513	56	388	132	67	17	70	0	3	1060	424	1252	2911	130	45	848	8474	420	3346	85	245	6324	237	5896324	5657	329	222	236	438	30	31	520	7537	529030	5046	12463	4643	468	279	1179	2127908	38
721T2_TTATCAAC-CGAGTACG_S228_L003_R1_001_kneaddata_paired	1272	1878898	437	232	6522	4885308	63	267	161	41	23	39	0	4	413	547	1359	2615	110	101	796	8818	745	2695	74	274	5576	236	6633654	3118	267	317	170	423	14	23	454	6233	236028	4675	1066	3458	371	193	1183	39999	63
722T1_GTCTACAT-TTCTTGAA_S77_L001_R1_001_kneaddata_paired	1955	8408660	240	159	4168	6340832	58	300	83	101	17	4	0	2	208	784	934	2772	123	28	438	5683	269	3136	66	110	5546	254	2722923	2139	425	258	343	324	27	19	457	6029	325843	4121	1496	2257	98	230	657	246250	67
H2O11_CCGCTGTT-AGACCGCA_S152_L002_R1_001_kneaddata_paired	0	1	0	0	0	2	0	0	0	0	0	0	0	0	0	0	0	0	0	0	0	0	0	0	0	0	0	0	4	0	0	0	0	0	0	0	0	0	6	0	0	0	0	0	0	0	0
H2O22_TGGTATGG-CTTCGCTC_S229_L003_R1_001_kneaddata_paired	0	15	0	0	0	1	0	0	0	0	0	0	0	0	1	1	0	0	0	0	0	0	0	0	0	0	18	0	1	0	0	0	0	0	0	0	0	0	137	0	0	0	0	0	0	0	0
H2O33_AGTACGCG-GGCAATAA_S302_L004_R1_001_kneaddata_paired	0	56	0	0	1	4	0	3	0	0	0	0	0	0	0	0	0	1	0	0	0	0	0	0	0	0	28	0	34	0	0	0	0	0	0	0	0	0	316	0	0	0	0	0	0	0	0
H2O44_ATTACAAT-GGATTGTT_S303_L004_R1_001_kneaddata_paired	3	542	0	0	3	24	0	5	0	0	0	0	0	0	0	0	0	1	1	0	0	8	0	1	0	0	555	0	88	2	0	0	0	0	0	0	0	0	2858	0	0	1	0	0	1	0	0
H2OCONT1_TACTGTTA-GCGAATAC_S153_L002_R1_001_kneaddata_paired	0	14	0	0	2	1	0	0	0	0	0	0	0	0	0	0	0	0	0	0	0	2	0	0	0	0	1	0	5	0	0	0	0	0	0	0	0	0	25	0	0	0	0	0	0	0	0
H2OCONT2_TTGCCATC-ACGCGTCA_S230_L003_R1_001_kneaddata_paired	0	48	0	0	7	7	0	0	0	0	0	0	0	0	0	0	0	0	0	0	0	1	0	1	0	0	15	0	12	0	0	0	0	0	0	0	0	0	111	0	0	0	0	0	0	0	0
H2OCONT3_ATAGCGGT-GGTTGATT_S304_L004_R1_001_kneaddata_paired	0	420	2	0	15	68	0	2	1	0	0	0	0	0	2	1	0	3	0	0	0	5	1	6	0	0	28	0	97	1	1	0	0	0	1	0	1	7	1208	2	0	4	0	0	0	6	0
H2OCONT4_ATTCTTAC-GTGTATAG_S305_L004_R1_001_kneaddata_paired	67	16808	7	12	317	2776	1	73	7	0	17	0	0	0	31	20	31	45	0	1	19	313	2	117	2	1	629	1	2526	50	30	5	7	2	0	1	11	409	28508	56	6	77	20	4	17	225	3
MMC11_TGTGTTAA-GGCACGGT_S154_L002_R1_001_kneaddata_paired	1	554	1	1	129864	234	0	173634	0	0	0	0	0	0	3	13	1	0	0	0	4	75	0	3	0	0	31	0	7826427	34	0	0	0	0	1	2	1	90	13222085	9	1	29	1	0	0	6	0
MMC22_TGCCGTAA-GTGCATCC_S231_L003_R1_001_kneaddata_paired	0	234	1	1	64029	53	0	335458	0	0	0	0	0	0	0	11	0	4	0	0	1	24	1	1	0	0	12	0	6673013	23	0	0	0	0	0	0	2	100	10239089	5	1	21	0	1	1	1	0
MMC33_AGTGTACT-GCATACTT_S306_L004_R1_001_kneaddata_paired	0	1664	0	2	269416	496	1	337154	0	0	0	0	0	0	0	31	1	4	0	0	18	215	1	5	0	1	125	0	15366791	65	0	0	0	0	3	0	1	186	10052606	19	2	67	2	0	2	6	0
MMC44_ATACTGCG-CACATTGT_S307_L004_R1_001_kneaddata_paired	1	433	1	0	212036	224	0	290266	0	0	0	0	0	0	1	30	0	3	0	0	7	151	0	1	0	1	85	0	12402345	60	0	0	0	0	1	0	0	136	9833987	23	0	50	0	0	3	5	0
